{"src/app/forms/kpay.php":{"_objects":{"rect":{"id":"rect","type":"ide\\formats\\form\\elements\\RectangleFormElement","version":0,"data":[]},"image":{"id":"image","type":"ide\\formats\\form\\elements\\ImageViewFormElement","version":0,"data":{"image":".data/img/SberIcon.png"}},"imageAlt":{"id":"imageAlt","type":"ide\\formats\\form\\elements\\ImageViewFormElement","version":0,"data":{"image":".data/img/icons8-вода-32.png"}},"label":{"id":"label","type":"ide\\formats\\form\\elements\\LabelFormElement","version":0,"data":[]},"labelAlt":{"id":"labelAlt","type":"ide\\formats\\form\\elements\\LabelFormElement","version":0,"data":[]},"image3":{"id":"image3","type":"ide\\formats\\form\\elements\\ImageViewFormElement","version":0,"data":{"image":".data/img/icons8-бесконтактный-платеж-32.png"}},"label3":{"id":"label3","type":"ide\\formats\\form\\elements\\LabelFormElement","version":0,"data":[]},"label4":{"id":"label4","type":"ide\\formats\\form\\elements\\LabelFormElement","version":0,"data":[]}}},"src/app/forms/loader.php":{"_objects":[]},"src/app/forms/mainform.php":{"_objects":{"rect10":{"id":"rect10","type":"ide\\formats\\form\\elements\\RectangleFormElement","version":0,"data":[]},"rect":{"id":"rect","type":"ide\\formats\\form\\elements\\RectangleFormElement","version":0,"data":[]},"buttonClear":{"id":"buttonClear","type":"ide\\formats\\form\\elements\\FlatButtonFormElement","version":4,"data":[]},"buttonSplit":{"id":"buttonSplit","type":"ide\\formats\\form\\elements\\FlatButtonFormElement","version":16,"data":[]},"button7":{"id":"button7","type":"ide\\formats\\form\\elements\\FlatButtonFormElement","version":16,"data":[]},"button8":{"id":"button8","type":"ide\\formats\\form\\elements\\FlatButtonFormElement","version":16,"data":[]},"button9":{"id":"button9","type":"ide\\formats\\form\\elements\\FlatButtonFormElement","version":16,"data":[]},"buttonMult":{"id":"buttonMult","type":"ide\\formats\\form\\elements\\FlatButtonFormElement","version":32,"data":[]},"button4":{"id":"button4","type":"ide\\formats\\form\\elements\\FlatButtonFormElement","version":16,"data":[]},"button5":{"id":"button5","type":"ide\\formats\\form\\elements\\FlatButtonFormElement","version":16,"data":[]},"button6":{"id":"button6","type":"ide\\formats\\form\\elements\\FlatButtonFormElement","version":16,"data":[]},"buttonMin":{"id":"buttonMin","type":"ide\\formats\\form\\elements\\FlatButtonFormElement","version":16,"data":[]},"button1":{"id":"button1","type":"ide\\formats\\form\\elements\\FlatButtonFormElement","version":16,"data":[]},"button2":{"id":"button2","type":"ide\\formats\\form\\elements\\FlatButtonFormElement","version":16,"data":[]},"button3":{"id":"button3","type":"ide\\formats\\form\\elements\\FlatButtonFormElement","version":16,"data":[]},"buttonPlus":{"id":"buttonPlus","type":"ide\\formats\\form\\elements\\FlatButtonFormElement","version":16,"data":[]},"button0":{"id":"button0","type":"ide\\formats\\form\\elements\\FlatButtonFormElement","version":16,"data":[]},"buttonResult":{"id":"buttonResult","type":"ide\\formats\\form\\elements\\FlatButtonFormElement","version":16,"data":[]},"edit":{"id":"edit","type":"ide\\formats\\form\\elements\\TextFieldFormElement","version":2,"data":[]},"rectAlt":{"id":"rectAlt","type":"ide\\formats\\form\\elements\\RectangleFormElement","version":0,"data":[]},"rect3":{"id":"rect3","type":"ide\\formats\\form\\elements\\RectangleFormElement","version":1,"data":[]},"rect4":{"id":"rect4","type":"ide\\formats\\form\\elements\\RectangleFormElement","version":0,"data":[]},"image15":{"id":"image15","type":"ide\\formats\\form\\elements\\ImageViewFormElement","version":0,"data":{"image":".data/img/icons8-калькулятор-24.png"}},"label":{"id":"label","type":"ide\\formats\\form\\elements\\LabelFormElement","version":0,"data":[]},"image":{"id":"image","type":"ide\\formats\\form\\elements\\ImageViewFormElement","version":0,"data":{"image":".data/img/close.png"}},"imageAlt":{"id":"imageAlt","type":"ide\\formats\\form\\elements\\ImageViewFormElement","version":0,"data":{"image":".data/img/max.png"}},"image3":{"id":"image3","type":"ide\\formats\\form\\elements\\ImageViewFormElement","version":0,"data":{"image":".data/img/min.png"}},"button":{"id":"button","type":"ide\\formats\\form\\elements\\FlatButtonFormElement","version":0,"data":[]},"buttonAlt":{"id":"buttonAlt","type":"ide\\formats\\form\\elements\\FlatButtonFormElement","version":0,"data":[]},"rect11":{"id":"rect11","type":"ide\\formats\\form\\elements\\RectangleFormElement","version":0,"data":[]},"rect5":{"id":"rect5","type":"ide\\formats\\form\\elements\\RectangleFormElement","version":0,"data":[]},"label4":{"id":"label4","type":"ide\\formats\\form\\elements\\LabelFormElement","version":0,"data":[]},"button10":{"id":"button10","type":"ide\\formats\\form\\elements\\FlatButtonFormElement","version":0,"data":[]},"button11":{"id":"button11","type":"ide\\formats\\form\\elements\\FlatButtonFormElement","version":0,"data":[]},"button16":{"id":"button16","type":"ide\\formats\\form\\elements\\FlatButtonFormElement","version":16,"data":[]},"labelAlt":{"id":"labelAlt","type":"ide\\formats\\form\\elements\\LabelFormElement","version":0,"data":[]},"button12":{"id":"button12","type":"ide\\formats\\form\\elements\\FlatButtonFormElement","version":0,"data":[]},"circle":{"id":"circle","type":"ide\\formats\\form\\elements\\CircleFormElement","version":0,"data":[]},"circleAlt":{"id":"circleAlt","type":"ide\\formats\\form\\elements\\CircleFormElement","version":0,"data":[]},"label3":{"id":"label3","type":"ide\\formats\\form\\elements\\LabelFormElement","version":0,"data":[]},"label5":{"id":"label5","type":"ide\\formats\\form\\elements\\LabelFormElement","version":0,"data":[]},"label10":{"id":"label10","type":"ide\\formats\\form\\elements\\LabelFormElement","version":0,"data":[]},"circle3":{"id":"circle3","type":"ide\\formats\\form\\elements\\CircleFormElement","version":0,"data":[]},"label11":{"id":"label11","type":"ide\\formats\\form\\elements\\LabelFormElement","version":0,"data":[]},"circle4":{"id":"circle4","type":"ide\\formats\\form\\elements\\CircleFormElement","version":0,"data":[]},"label12":{"id":"label12","type":"ide\\formats\\form\\elements\\LabelFormElement","version":0,"data":[]},"rect8":{"id":"rect8","type":"ide\\formats\\form\\elements\\RectangleFormElement","version":0,"data":[]},"image5":{"id":"image5","type":"ide\\formats\\form\\elements\\ImageViewFormElement","version":0,"data":{"image":".data/img/icons8-пипетка-16.png"}},"label13":{"id":"label13","type":"ide\\formats\\form\\elements\\LabelFormElement","version":0,"data":[]},"rect9":{"id":"rect9","type":"ide\\formats\\form\\elements\\RectangleFormElement","version":0,"data":[]},"panel":{"id":"panel","type":"ide\\formats\\form\\elements\\PanelFormElement","version":24,"data":[]},"label14":{"id":"label14","type":"ide\\formats\\form\\elements\\LabelFormElement","version":0,"data":[]},"button14":{"id":"button14","type":"ide\\formats\\form\\elements\\FlatButtonFormElement","version":0,"data":[]},"label15":{"id":"label15","type":"ide\\formats\\form\\elements\\LabelFormElement","version":0,"data":[]},"rect6":{"id":"rect6","type":"ide\\formats\\form\\elements\\RectangleFormElement","version":0,"data":[]},"editAlt":{"id":"editAlt","type":"ide\\formats\\form\\elements\\TextFieldFormElement","version":0,"data":[]},"button15":{"id":"button15","type":"ide\\formats\\form\\elements\\FlatButtonFormElement","version":0,"data":[]},"panel3":{"id":"panel3","type":"ide\\formats\\form\\elements\\PanelFormElement","version":24,"data":[]},"label6":{"id":"label6","type":"ide\\formats\\form\\elements\\LabelFormElement","version":0,"data":[]},"button13":{"id":"button13","type":"ide\\formats\\form\\elements\\FlatButtonFormElement","version":0,"data":[]},"image4":{"id":"image4","type":"ide\\formats\\form\\elements\\ImageViewFormElement","version":0,"data":{"image":".data/img/icons8-калькулятор-48 (1).png"}},"label7":{"id":"label7","type":"ide\\formats\\form\\elements\\LabelFormElement","version":0,"data":[]},"label8":{"id":"label8","type":"ide\\formats\\form\\elements\\LabelFormElement","version":0,"data":[]},"rect7":{"id":"rect7","type":"ide\\formats\\form\\elements\\RectangleFormElement","version":0,"data":[]},"rect12":{"id":"rect12","type":"ide\\formats\\form\\elements\\RectangleFormElement","version":0,"data":[]},"label9":{"id":"label9","type":"ide\\formats\\form\\elements\\LabelFormElement","version":0,"data":[]},"rect13":{"id":"rect13","type":"ide\\formats\\form\\elements\\RectangleFormElement","version":0,"data":[]},"label16":{"id":"label16","type":"ide\\formats\\form\\elements\\LabelFormElement","version":0,"data":[]},"panelAlt":{"id":"panelAlt","type":"ide\\formats\\form\\elements\\PanelFormElement","version":15,"data":[]}}},"src/app/forms/mainformdark.php":{"_objects":{"rect10":{"id":"rect10","type":"ide\\formats\\form\\elements\\RectangleFormElement","version":0,"data":[]},"rect":{"id":"rect","type":"ide\\formats\\form\\elements\\RectangleFormElement","version":0,"data":[]},"buttonClear":{"id":"buttonClear","type":"ide\\formats\\form\\elements\\FlatButtonFormElement","version":0,"data":[]},"buttonSplit":{"id":"buttonSplit","type":"ide\\formats\\form\\elements\\FlatButtonFormElement","version":0,"data":[]},"button7":{"id":"button7","type":"ide\\formats\\form\\elements\\FlatButtonFormElement","version":0,"data":[]},"button8":{"id":"button8","type":"ide\\formats\\form\\elements\\FlatButtonFormElement","version":0,"data":[]},"button9":{"id":"button9","type":"ide\\formats\\form\\elements\\FlatButtonFormElement","version":0,"data":[]},"buttonMult":{"id":"buttonMult","type":"ide\\formats\\form\\elements\\FlatButtonFormElement","version":0,"data":[]},"button4":{"id":"button4","type":"ide\\formats\\form\\elements\\FlatButtonFormElement","version":0,"data":[]},"button5":{"id":"button5","type":"ide\\formats\\form\\elements\\FlatButtonFormElement","version":0,"data":[]},"button6":{"id":"button6","type":"ide\\formats\\form\\elements\\FlatButtonFormElement","version":0,"data":[]},"buttonMin":{"id":"buttonMin","type":"ide\\formats\\form\\elements\\FlatButtonFormElement","version":0,"data":[]},"button1":{"id":"button1","type":"ide\\formats\\form\\elements\\FlatButtonFormElement","version":0,"data":[]},"button2":{"id":"button2","type":"ide\\formats\\form\\elements\\FlatButtonFormElement","version":0,"data":[]},"button3":{"id":"button3","type":"ide\\formats\\form\\elements\\FlatButtonFormElement","version":0,"data":[]},"buttonPlus":{"id":"buttonPlus","type":"ide\\formats\\form\\elements\\FlatButtonFormElement","version":0,"data":[]},"button0":{"id":"button0","type":"ide\\formats\\form\\elements\\FlatButtonFormElement","version":0,"data":[]},"buttonResult":{"id":"buttonResult","type":"ide\\formats\\form\\elements\\FlatButtonFormElement","version":0,"data":[]},"edit":{"id":"edit","type":"ide\\formats\\form\\elements\\TextFieldFormElement","version":0,"data":[]},"rectAlt":{"id":"rectAlt","type":"ide\\formats\\form\\elements\\RectangleFormElement","version":0,"data":[]},"rect3":{"id":"rect3","type":"ide\\formats\\form\\elements\\RectangleFormElement","version":0,"data":[]},"rect4":{"id":"rect4","type":"ide\\formats\\form\\elements\\RectangleFormElement","version":0,"data":[]},"image15":{"id":"image15","type":"ide\\formats\\form\\elements\\ImageViewFormElement","version":0,"data":{"image":".data/img/icons8-калькулятор-24 (3).png"}},"label":{"id":"label","type":"ide\\formats\\form\\elements\\LabelFormElement","version":0,"data":[]},"image":{"id":"image","type":"ide\\formats\\form\\elements\\ImageViewFormElement","version":0,"data":{"image":".data/img/closeDark.png"}},"imageAlt":{"id":"imageAlt","type":"ide\\formats\\form\\elements\\ImageViewFormElement","version":0,"data":{"image":".data/img/maxDark.png"}},"image3":{"id":"image3","type":"ide\\formats\\form\\elements\\ImageViewFormElement","version":0,"data":{"image":".data/img/minDark.png"}},"button":{"id":"button","type":"ide\\formats\\form\\elements\\FlatButtonFormElement","version":0,"data":[]},"buttonAlt":{"id":"buttonAlt","type":"ide\\formats\\form\\elements\\FlatButtonFormElement","version":0,"data":[]},"rect11":{"id":"rect11","type":"ide\\formats\\form\\elements\\RectangleFormElement","version":0,"data":[]},"rect5":{"id":"rect5","type":"ide\\formats\\form\\elements\\RectangleFormElement","version":0,"data":[]},"label4":{"id":"label4","type":"ide\\formats\\form\\elements\\LabelFormElement","version":0,"data":[]},"button10":{"id":"button10","type":"ide\\formats\\form\\elements\\FlatButtonFormElement","version":0,"data":[]},"button11":{"id":"button11","type":"ide\\formats\\form\\elements\\FlatButtonFormElement","version":0,"data":[]},"button16":{"id":"button16","type":"ide\\formats\\form\\elements\\FlatButtonFormElement","version":0,"data":[]},"labelAlt":{"id":"labelAlt","type":"ide\\formats\\form\\elements\\LabelFormElement","version":0,"data":[]},"button12":{"id":"button12","type":"ide\\formats\\form\\elements\\FlatButtonFormElement","version":0,"data":[]},"circle":{"id":"circle","type":"ide\\formats\\form\\elements\\CircleFormElement","version":0,"data":[]},"circleAlt":{"id":"circleAlt","type":"ide\\formats\\form\\elements\\CircleFormElement","version":0,"data":[]},"label3":{"id":"label3","type":"ide\\formats\\form\\elements\\LabelFormElement","version":0,"data":[]},"label5":{"id":"label5","type":"ide\\formats\\form\\elements\\LabelFormElement","version":0,"data":[]},"label10":{"id":"label10","type":"ide\\formats\\form\\elements\\LabelFormElement","version":0,"data":[]},"circle3":{"id":"circle3","type":"ide\\formats\\form\\elements\\CircleFormElement","version":0,"data":[]},"circle4":{"id":"circle4","type":"ide\\formats\\form\\elements\\CircleFormElement","version":0,"data":[]},"label11":{"id":"label11","type":"ide\\formats\\form\\elements\\LabelFormElement","version":0,"data":[]},"label12":{"id":"label12","type":"ide\\formats\\form\\elements\\LabelFormElement","version":0,"data":[]},"rect8":{"id":"rect8","type":"ide\\formats\\form\\elements\\RectangleFormElement","version":0,"data":[]},"image5":{"id":"image5","type":"ide\\formats\\form\\elements\\ImageViewFormElement","version":0,"data":{"image":".data/img/icons8-пипетка-16 (1).png"}},"label13":{"id":"label13","type":"ide\\formats\\form\\elements\\LabelFormElement","version":0,"data":[]},"rect7":{"id":"rect7","type":"ide\\formats\\form\\elements\\RectangleFormElement","version":0,"data":[]},"panel":{"id":"panel","type":"ide\\formats\\form\\elements\\PanelFormElement","version":0,"data":[]},"label14":{"id":"label14","type":"ide\\formats\\form\\elements\\LabelFormElement","version":0,"data":[]},"button14":{"id":"button14","type":"ide\\formats\\form\\elements\\FlatButtonFormElement","version":0,"data":[]},"label15":{"id":"label15","type":"ide\\formats\\form\\elements\\LabelFormElement","version":0,"data":[]},"rect6":{"id":"rect6","type":"ide\\formats\\form\\elements\\RectangleFormElement","version":0,"data":[]},"editAlt":{"id":"editAlt","type":"ide\\formats\\form\\elements\\TextFieldFormElement","version":0,"data":[]},"button15":{"id":"button15","type":"ide\\formats\\form\\elements\\FlatButtonFormElement","version":0,"data":[]},"panel3":{"id":"panel3","type":"ide\\formats\\form\\elements\\PanelFormElement","version":0,"data":[]},"label6":{"id":"label6","type":"ide\\formats\\form\\elements\\LabelFormElement","version":0,"data":[]},"button13":{"id":"button13","type":"ide\\formats\\form\\elements\\FlatButtonFormElement","version":0,"data":[]},"image4":{"id":"image4","type":"ide\\formats\\form\\elements\\ImageViewFormElement","version":0,"data":{"image":".data/img/icons8-калькулятор-48.png"}},"label7":{"id":"label7","type":"ide\\formats\\form\\elements\\LabelFormElement","version":0,"data":[]},"label8":{"id":"label8","type":"ide\\formats\\form\\elements\\LabelFormElement","version":0,"data":[]},"rect12":{"id":"rect12","type":"ide\\formats\\form\\elements\\RectangleFormElement","version":0,"data":[]},"label9":{"id":"label9","type":"ide\\formats\\form\\elements\\LabelFormElement","version":0,"data":[]},"rect13":{"id":"rect13","type":"ide\\formats\\form\\elements\\RectangleFormElement","version":0,"data":[]},"label16":{"id":"label16","type":"ide\\formats\\form\\elements\\LabelFormElement","version":0,"data":[]},"panelAlt":{"id":"panelAlt","type":"ide\\formats\\form\\elements\\PanelFormElement","version":0,"data":[]}}},"src/app/forms/testform.php":{"_objects":{"rect10":{"id":"rect10","type":"ide\\formats\\form\\elements\\RectangleFormElement","version":0,"data":[]},"rect":{"id":"rect","type":"ide\\formats\\form\\elements\\RectangleFormElement","version":0,"data":[]},"rectAlt":{"id":"rectAlt","type":"ide\\formats\\form\\elements\\RectangleFormElement","version":0,"data":[]},"rect3":{"id":"rect3","type":"ide\\formats\\form\\elements\\RectangleFormElement","version":0,"data":[]},"rect4":{"id":"rect4","type":"ide\\formats\\form\\elements\\RectangleFormElement","version":0,"data":[]},"image15":{"id":"image15","type":"ide\\formats\\form\\elements\\ImageViewFormElement","version":0,"data":{"image":".data/img/icons8-окно-приложения-24.png"}},"label":{"id":"label","type":"ide\\formats\\form\\elements\\LabelFormElement","version":0,"data":[]},"image":{"id":"image","type":"ide\\formats\\form\\elements\\ImageViewFormElement","version":0,"data":{"image":".data/img/close.png"}},"button":{"id":"button","type":"ide\\formats\\form\\elements\\FlatButtonFormElement","version":0,"data":[]},"buttonAlt":{"id":"buttonAlt","type":"ide\\formats\\form\\elements\\FlatButtonFormElement","version":0,"data":[]},"button4":{"id":"button4","type":"ide\\formats\\form\\elements\\FlatButtonFormElement","version":0,"data":[]},"button12":{"id":"button12","type":"ide\\formats\\form\\elements\\FlatButtonFormElement","version":0,"data":[]},"labelAlt":{"id":"labelAlt","type":"ide\\formats\\form\\elements\\LabelFormElement","version":0,"data":[]},"rect5":{"id":"rect5","type":"ide\\formats\\form\\elements\\RectangleFormElement","version":0,"data":[]},"edit":{"id":"edit","type":"ide\\formats\\form\\elements\\TextFieldFormElement","version":0,"data":[]},"panel":{"id":"panel","type":"ide\\formats\\form\\elements\\PanelFormElement","version":0,"data":[]},"button3":{"id":"button3","type":"ide\\formats\\form\\elements\\FlatButtonFormElement","version":0,"data":[]},"label3":{"id":"label3","type":"ide\\formats\\form\\elements\\LabelFormElement","version":0,"data":[]},"rect6":{"id":"rect6","type":"ide\\formats\\form\\elements\\RectangleFormElement","version":0,"data":[]},"editAlt":{"id":"editAlt","type":"ide\\formats\\form\\elements\\TextFieldFormElement","version":0,"data":[]},"label4":{"id":"label4","type":"ide\\formats\\form\\elements\\LabelFormElement","version":0,"data":[]},"rect7":{"id":"rect7","type":"ide\\formats\\form\\elements\\RectangleFormElement","version":0,"data":[]},"edit3":{"id":"edit3","type":"ide\\formats\\form\\elements\\TextFieldFormElement","version":0,"data":[]},"panelAlt":{"id":"panelAlt","type":"ide\\formats\\form\\elements\\PanelFormElement","version":0,"data":[]}}},"src/app/modules/appmodule.php":{"_objects":[]},"src/app/modules/mainmodule.php":{"_objects":[]}}