{"src/app/forms/calculator.php":{"_objects":{"rect":{"id":"rect","type":"ide\\formats\\form\\elements\\RectangleFormElement","version":0,"data":[]},"rectAlt":{"id":"rectAlt","type":"ide\\formats\\form\\elements\\RectangleFormElement","version":0,"data":[]},"label":{"id":"label","type":"ide\\formats\\form\\elements\\LabelFormElement","version":0,"data":[]},"rect4":{"id":"rect4","type":"ide\\formats\\form\\elements\\RectangleFormElement","version":0,"data":[]},"labelAlt":{"id":"labelAlt","type":"ide\\formats\\form\\elements\\LabelFormElement","version":0,"data":[]},"circle":{"id":"circle","type":"ide\\formats\\form\\elements\\CircleFormElement","version":0,"data":[]},"image":{"id":"image","type":"ide\\formats\\form\\elements\\ImageViewFormElement","version":0,"data":{"image":".data/img/window-close-symbolic.png"}},"circleAlt":{"id":"circleAlt","type":"ide\\formats\\form\\elements\\CircleFormElement","version":0,"data":[]},"circle3":{"id":"circle3","type":"ide\\formats\\form\\elements\\CircleFormElement","version":0,"data":[]},"imageAlt":{"id":"imageAlt","type":"ide\\formats\\form\\elements\\ImageViewFormElement","version":0,"data":{"image":".data/img/window-maximize-symbolic.png"}},"image3":{"id":"image3","type":"ide\\formats\\form\\elements\\ImageViewFormElement","version":0,"data":{"image":".data/img/window-minimize-symbolic.png"}},"minButton":{"id":"minButton","type":"ide\\formats\\form\\elements\\CircleFormElement","version":0,"data":[]},"closeButton":{"id":"closeButton","type":"ide\\formats\\form\\elements\\CircleFormElement","version":0,"data":[]},"rect10":{"id":"rect10","type":"ide\\formats\\form\\elements\\RectangleFormElement","version":0,"data":[]},"image5":{"id":"image5","type":"ide\\formats\\form\\elements\\ImageViewFormElement","version":0,"data":{"image":".data/img/open-menu-symbolic.png"}},"label4":{"id":"label4","type":"ide\\formats\\form\\elements\\LabelFormElement","version":0,"data":[]},"label5":{"id":"label5","type":"ide\\formats\\form\\elements\\LabelFormElement","version":0,"data":[]},"rect3":{"id":"rect3","type":"ide\\formats\\form\\elements\\RectangleFormElement","version":0,"data":[]},"edit":{"id":"edit","type":"ide\\formats\\form\\elements\\TextFieldFormElement","version":0,"data":[]},"buttonClear":{"id":"buttonClear","type":"ide\\formats\\form\\elements\\FlatButtonFormElement","version":0,"data":[]},"buttonSplit":{"id":"buttonSplit","type":"ide\\formats\\form\\elements\\FlatButtonFormElement","version":0,"data":[]},"button7":{"id":"button7","type":"ide\\formats\\form\\elements\\FlatButtonFormElement","version":0,"data":[]},"button8":{"id":"button8","type":"ide\\formats\\form\\elements\\FlatButtonFormElement","version":0,"data":[]},"button9":{"id":"button9","type":"ide\\formats\\form\\elements\\FlatButtonFormElement","version":0,"data":[]},"button4":{"id":"button4","type":"ide\\formats\\form\\elements\\FlatButtonFormElement","version":0,"data":[]},"button5":{"id":"button5","type":"ide\\formats\\form\\elements\\FlatButtonFormElement","version":0,"data":[]},"button6":{"id":"button6","type":"ide\\formats\\form\\elements\\FlatButtonFormElement","version":0,"data":[]},"button1":{"id":"button1","type":"ide\\formats\\form\\elements\\FlatButtonFormElement","version":0,"data":[]},"button2":{"id":"button2","type":"ide\\formats\\form\\elements\\FlatButtonFormElement","version":0,"data":[]},"button3":{"id":"button3","type":"ide\\formats\\form\\elements\\FlatButtonFormElement","version":0,"data":[]},"button0":{"id":"button0","type":"ide\\formats\\form\\elements\\FlatButtonFormElement","version":0,"data":[]},"button16":{"id":"button16","type":"ide\\formats\\form\\elements\\FlatButtonFormElement","version":0,"data":[]},"buttonMult":{"id":"buttonMult","type":"ide\\formats\\form\\elements\\FlatButtonFormElement","version":0,"data":[]},"buttonMin":{"id":"buttonMin","type":"ide\\formats\\form\\elements\\FlatButtonFormElement","version":0,"data":[]},"buttonPlus":{"id":"buttonPlus","type":"ide\\formats\\form\\elements\\FlatButtonFormElement","version":0,"data":[]},"buttonResult":{"id":"buttonResult","type":"ide\\formats\\form\\elements\\FlatButtonFormElement","version":0,"data":[]},"label3":{"id":"label3","type":"ide\\formats\\form\\elements\\LabelFormElement","version":0,"data":[]},"buttonAlt":{"id":"buttonAlt","type":"ide\\formats\\form\\elements\\FlatButtonFormElement","version":0,"data":[]},"label6":{"id":"label6","type":"ide\\formats\\form\\elements\\LabelFormElement","version":0,"data":[]},"label7":{"id":"label7","type":"ide\\formats\\form\\elements\\LabelFormElement","version":0,"data":[]},"rect5":{"id":"rect5","type":"ide\\formats\\form\\elements\\RectangleFormElement","version":0,"data":[]},"image4":{"id":"image4","type":"ide\\formats\\form\\elements\\ImageViewFormElement","version":0,"data":{"image":".data/img/pan-start-symbolic.png"}},"circle4":{"id":"circle4","type":"ide\\formats\\form\\elements\\CircleFormElement","version":0,"data":[]},"circle5":{"id":"circle5","type":"ide\\formats\\form\\elements\\CircleFormElement","version":0,"data":[]},"circle6":{"id":"circle6","type":"ide\\formats\\form\\elements\\CircleFormElement","version":0,"data":[]},"image6":{"id":"image6","type":"ide\\formats\\form\\elements\\ImageViewFormElement","version":0,"data":{"image":".data/img/window-close-symbolic.png"}},"image7":{"id":"image7","type":"ide\\formats\\form\\elements\\ImageViewFormElement","version":0,"data":{"image":".data/img/window-maximize-symbolic.png"}},"image8":{"id":"image8","type":"ide\\formats\\form\\elements\\ImageViewFormElement","version":0,"data":{"image":".data/img/window-minimize-symbolic.png"}},"circle7":{"id":"circle7","type":"ide\\formats\\form\\elements\\CircleFormElement","version":0,"data":[]},"circle8":{"id":"circle8","type":"ide\\formats\\form\\elements\\CircleFormElement","version":0,"data":[]},"rect6":{"id":"rect6","type":"ide\\formats\\form\\elements\\RectangleFormElement","version":0,"data":[]},"label8":{"id":"label8","type":"ide\\formats\\form\\elements\\LabelFormElement","version":0,"data":[]},"rect7":{"id":"rect7","type":"ide\\formats\\form\\elements\\RectangleFormElement","version":0,"data":[]},"label9":{"id":"label9","type":"ide\\formats\\form\\elements\\LabelFormElement","version":0,"data":[]},"image9":{"id":"image9","type":"ide\\formats\\form\\elements\\ImageViewFormElement","version":0,"data":{"image":".data/img/icons8-информация-24 (1).png"}},"image10":{"id":"image10","type":"ide\\formats\\form\\elements\\ImageViewFormElement","version":0,"data":{"image":".data/img/icons8-пользователь-мужчина-в-кружке-24.png"}},"button":{"id":"button","type":"ide\\formats\\form\\elements\\FlatButtonFormElement","version":0,"data":[]},"rect8":{"id":"rect8","type":"ide\\formats\\form\\elements\\RectangleFormElement","version":0,"data":[]},"panel":{"id":"panel","type":"ide\\formats\\form\\elements\\PanelFormElement","version":0,"data":[]}}},"src/app/forms/ledscreen.php":{"_objects":{"circle":{"id":"circle","type":"ide\\formats\\form\\elements\\CircleFormElement","version":0,"data":[]},"circle9":{"id":"circle9","type":"ide\\formats\\form\\elements\\CircleFormElement","version":0,"data":[]},"circle17":{"id":"circle17","type":"ide\\formats\\form\\elements\\CircleFormElement","version":0,"data":[]},"circle25":{"id":"circle25","type":"ide\\formats\\form\\elements\\CircleFormElement","version":0,"data":[]},"circle33":{"id":"circle33","type":"ide\\formats\\form\\elements\\CircleFormElement","version":0,"data":[]},"circle41":{"id":"circle41","type":"ide\\formats\\form\\elements\\CircleFormElement","version":0,"data":[]},"circle49":{"id":"circle49","type":"ide\\formats\\form\\elements\\CircleFormElement","version":0,"data":[]},"circle57":{"id":"circle57","type":"ide\\formats\\form\\elements\\CircleFormElement","version":0,"data":[]},"circleAlt":{"id":"circleAlt","type":"ide\\formats\\form\\elements\\CircleFormElement","version":0,"data":[]},"circle3":{"id":"circle3","type":"ide\\formats\\form\\elements\\CircleFormElement","version":0,"data":[]},"circle4":{"id":"circle4","type":"ide\\formats\\form\\elements\\CircleFormElement","version":0,"data":[]},"circle5":{"id":"circle5","type":"ide\\formats\\form\\elements\\CircleFormElement","version":0,"data":[]},"circle6":{"id":"circle6","type":"ide\\formats\\form\\elements\\CircleFormElement","version":0,"data":[]},"circle7":{"id":"circle7","type":"ide\\formats\\form\\elements\\CircleFormElement","version":0,"data":[]},"circle8":{"id":"circle8","type":"ide\\formats\\form\\elements\\CircleFormElement","version":0,"data":[]},"circle10":{"id":"circle10","type":"ide\\formats\\form\\elements\\CircleFormElement","version":0,"data":[]},"circle11":{"id":"circle11","type":"ide\\formats\\form\\elements\\CircleFormElement","version":0,"data":[]},"circle12":{"id":"circle12","type":"ide\\formats\\form\\elements\\CircleFormElement","version":0,"data":[]},"circle13":{"id":"circle13","type":"ide\\formats\\form\\elements\\CircleFormElement","version":0,"data":[]},"circle14":{"id":"circle14","type":"ide\\formats\\form\\elements\\CircleFormElement","version":0,"data":[]},"circle15":{"id":"circle15","type":"ide\\formats\\form\\elements\\CircleFormElement","version":0,"data":[]},"circle16":{"id":"circle16","type":"ide\\formats\\form\\elements\\CircleFormElement","version":0,"data":[]},"circle18":{"id":"circle18","type":"ide\\formats\\form\\elements\\CircleFormElement","version":0,"data":[]},"circle19":{"id":"circle19","type":"ide\\formats\\form\\elements\\CircleFormElement","version":0,"data":[]},"circle20":{"id":"circle20","type":"ide\\formats\\form\\elements\\CircleFormElement","version":0,"data":[]},"circle21":{"id":"circle21","type":"ide\\formats\\form\\elements\\CircleFormElement","version":0,"data":[]},"circle22":{"id":"circle22","type":"ide\\formats\\form\\elements\\CircleFormElement","version":0,"data":[]},"circle23":{"id":"circle23","type":"ide\\formats\\form\\elements\\CircleFormElement","version":0,"data":[]},"circle24":{"id":"circle24","type":"ide\\formats\\form\\elements\\CircleFormElement","version":0,"data":[]},"circle26":{"id":"circle26","type":"ide\\formats\\form\\elements\\CircleFormElement","version":0,"data":[]},"circle27":{"id":"circle27","type":"ide\\formats\\form\\elements\\CircleFormElement","version":0,"data":[]},"circle28":{"id":"circle28","type":"ide\\formats\\form\\elements\\CircleFormElement","version":0,"data":[]},"circle29":{"id":"circle29","type":"ide\\formats\\form\\elements\\CircleFormElement","version":0,"data":[]},"circle30":{"id":"circle30","type":"ide\\formats\\form\\elements\\CircleFormElement","version":0,"data":[]},"circle31":{"id":"circle31","type":"ide\\formats\\form\\elements\\CircleFormElement","version":0,"data":[]},"circle32":{"id":"circle32","type":"ide\\formats\\form\\elements\\CircleFormElement","version":0,"data":[]},"circle34":{"id":"circle34","type":"ide\\formats\\form\\elements\\CircleFormElement","version":0,"data":[]},"circle35":{"id":"circle35","type":"ide\\formats\\form\\elements\\CircleFormElement","version":0,"data":[]},"circle36":{"id":"circle36","type":"ide\\formats\\form\\elements\\CircleFormElement","version":0,"data":[]},"circle37":{"id":"circle37","type":"ide\\formats\\form\\elements\\CircleFormElement","version":0,"data":[]},"circle38":{"id":"circle38","type":"ide\\formats\\form\\elements\\CircleFormElement","version":0,"data":[]},"circle39":{"id":"circle39","type":"ide\\formats\\form\\elements\\CircleFormElement","version":0,"data":[]},"circle40":{"id":"circle40","type":"ide\\formats\\form\\elements\\CircleFormElement","version":0,"data":[]},"circle42":{"id":"circle42","type":"ide\\formats\\form\\elements\\CircleFormElement","version":0,"data":[]},"circle43":{"id":"circle43","type":"ide\\formats\\form\\elements\\CircleFormElement","version":0,"data":[]},"circle44":{"id":"circle44","type":"ide\\formats\\form\\elements\\CircleFormElement","version":0,"data":[]},"circle45":{"id":"circle45","type":"ide\\formats\\form\\elements\\CircleFormElement","version":0,"data":[]},"circle46":{"id":"circle46","type":"ide\\formats\\form\\elements\\CircleFormElement","version":0,"data":[]},"circle47":{"id":"circle47","type":"ide\\formats\\form\\elements\\CircleFormElement","version":0,"data":[]},"circle48":{"id":"circle48","type":"ide\\formats\\form\\elements\\CircleFormElement","version":0,"data":[]},"circle50":{"id":"circle50","type":"ide\\formats\\form\\elements\\CircleFormElement","version":0,"data":[]},"circle51":{"id":"circle51","type":"ide\\formats\\form\\elements\\CircleFormElement","version":0,"data":[]},"circle52":{"id":"circle52","type":"ide\\formats\\form\\elements\\CircleFormElement","version":0,"data":[]},"circle53":{"id":"circle53","type":"ide\\formats\\form\\elements\\CircleFormElement","version":0,"data":[]},"circle54":{"id":"circle54","type":"ide\\formats\\form\\elements\\CircleFormElement","version":0,"data":[]},"circle55":{"id":"circle55","type":"ide\\formats\\form\\elements\\CircleFormElement","version":0,"data":[]},"circle56":{"id":"circle56","type":"ide\\formats\\form\\elements\\CircleFormElement","version":0,"data":[]},"circle58":{"id":"circle58","type":"ide\\formats\\form\\elements\\CircleFormElement","version":0,"data":[]},"circle59":{"id":"circle59","type":"ide\\formats\\form\\elements\\CircleFormElement","version":0,"data":[]},"circle60":{"id":"circle60","type":"ide\\formats\\form\\elements\\CircleFormElement","version":0,"data":[]},"circle61":{"id":"circle61","type":"ide\\formats\\form\\elements\\CircleFormElement","version":0,"data":[]},"circle62":{"id":"circle62","type":"ide\\formats\\form\\elements\\CircleFormElement","version":0,"data":[]},"circle63":{"id":"circle63","type":"ide\\formats\\form\\elements\\CircleFormElement","version":0,"data":[]},"circle64":{"id":"circle64","type":"ide\\formats\\form\\elements\\CircleFormElement","version":0,"data":[]}}},"src/app/forms/mainform.php":{"_objects":{"rect":{"id":"rect","type":"ide\\formats\\form\\elements\\RectangleFormElement","version":0,"data":[]},"rectAlt":{"id":"rectAlt","type":"ide\\formats\\form\\elements\\RectangleFormElement","version":0,"data":[]},"label":{"id":"label","type":"ide\\formats\\form\\elements\\LabelFormElement","version":0,"data":[]},"rect4":{"id":"rect4","type":"ide\\formats\\form\\elements\\RectangleFormElement","version":0,"data":[]},"labelAlt":{"id":"labelAlt","type":"ide\\formats\\form\\elements\\LabelFormElement","version":0,"data":[]},"circle":{"id":"circle","type":"ide\\formats\\form\\elements\\CircleFormElement","version":0,"data":[]},"image":{"id":"image","type":"ide\\formats\\form\\elements\\ImageViewFormElement","version":0,"data":{"image":".data/img/window-close-symbolic.png"}},"circleAlt":{"id":"circleAlt","type":"ide\\formats\\form\\elements\\CircleFormElement","version":0,"data":[]},"circle3":{"id":"circle3","type":"ide\\formats\\form\\elements\\CircleFormElement","version":0,"data":[]},"imageAlt":{"id":"imageAlt","type":"ide\\formats\\form\\elements\\ImageViewFormElement","version":0,"data":{"image":".data/img/window-maximize-symbolic.png"}},"image3":{"id":"image3","type":"ide\\formats\\form\\elements\\ImageViewFormElement","version":0,"data":{"image":".data/img/window-minimize-symbolic.png"}},"label3":{"id":"label3","type":"ide\\formats\\form\\elements\\LabelFormElement","version":0,"data":[]},"minButton":{"id":"minButton","type":"ide\\formats\\form\\elements\\CircleFormElement","version":0,"data":[]},"closeButton":{"id":"closeButton","type":"ide\\formats\\form\\elements\\CircleFormElement","version":0,"data":[]},"rect3":{"id":"rect3","type":"ide\\formats\\form\\elements\\RectangleFormElement","version":0,"data":[]},"edit":{"id":"edit","type":"ide\\formats\\form\\elements\\TextFieldFormElement","version":0,"data":[]},"rect5":{"id":"rect5","type":"ide\\formats\\form\\elements\\RectangleFormElement","version":0,"data":[]},"rect9":{"id":"rect9","type":"ide\\formats\\form\\elements\\RectangleFormElement","version":0,"data":[]},"image4":{"id":"image4","type":"ide\\formats\\form\\elements\\ImageViewFormElement","version":0,"data":{"image":".data/img/pan-start-symbolic.png"}},"rect10":{"id":"rect10","type":"ide\\formats\\form\\elements\\RectangleFormElement","version":0,"data":[]},"image5":{"id":"image5","type":"ide\\formats\\form\\elements\\ImageViewFormElement","version":0,"data":{"image":".data/img/open-menu-symbolic.png"}},"label4":{"id":"label4","type":"ide\\formats\\form\\elements\\LabelFormElement","version":0,"data":[]},"label5":{"id":"label5","type":"ide\\formats\\form\\elements\\LabelFormElement","version":0,"data":[]},"rect6":{"id":"rect6","type":"ide\\formats\\form\\elements\\RectangleFormElement","version":0,"data":[]},"panel":{"id":"panel","type":"ide\\formats\\form\\elements\\PanelFormElement","version":0,"data":[]}}},"src/app/modules/appmodule.php":{"_objects":[]},"src/app/modules/mainmodule.php":{"_objects":[]}}