{"src/fengineeight/forms/browser.php":{"_objects":{"rect8":{"id":"rect8","type":"ide\\formats\\form\\elements\\RectangleFormElement","version":0,"data":[]},"rect":{"id":"rect","type":"ide\\formats\\form\\elements\\RectangleFormElement","version":0,"data":[]},"rectAlt":{"id":"rectAlt","type":"ide\\formats\\form\\elements\\RectangleFormElement","version":0,"data":[]},"rect4":{"id":"rect4","type":"ide\\formats\\form\\elements\\RectangleFormElement","version":0,"data":[]},"rect3":{"id":"rect3","type":"ide\\formats\\form\\elements\\RectangleFormElement","version":0,"data":[]},"rect6":{"id":"rect6","type":"ide\\formats\\form\\elements\\RectangleFormElement","version":0,"data":[]},"rect7":{"id":"rect7","type":"ide\\formats\\form\\elements\\RectangleFormElement","version":0,"data":[]},"circle":{"id":"circle","type":"ide\\formats\\form\\elements\\CircleFormElement","version":0,"data":[]},"circleAlt":{"id":"circleAlt","type":"ide\\formats\\form\\elements\\CircleFormElement","version":0,"data":[]},"circle3":{"id":"circle3","type":"ide\\formats\\form\\elements\\CircleFormElement","version":0,"data":[]},"image":{"id":"image","type":"ide\\formats\\form\\elements\\ImageViewFormElement","version":0,"data":{"image":".data/img/icons8-удалить-12.png"}},"image3":{"id":"image3","type":"ide\\formats\\form\\elements\\ImageViewFormElement","version":0,"data":{"image":".data/img/icons8-пустой-чекбокс-12.png"}},"image5":{"id":"image5","type":"ide\\formats\\form\\elements\\ImageViewFormElement","version":0,"data":{"image":".data/img/icons8-минус-12.png"}},"image6":{"id":"image6","type":"ide\\formats\\form\\elements\\ImageViewFormElement","version":0,"data":{"image":".data/img/icons8-виртуальная-машина-2-20.png"}},"rect5":{"id":"rect5","type":"ide\\formats\\form\\elements\\RectangleFormElement","version":0,"data":[]},"circle8":{"id":"circle8","type":"ide\\formats\\form\\elements\\CircleFormElement","version":0,"data":[]},"circle4":{"id":"circle4","type":"ide\\formats\\form\\elements\\CircleFormElement","version":0,"data":[]},"label":{"id":"label","type":"ide\\formats\\form\\elements\\LabelFormElement","version":0,"data":[]},"browser":{"id":"browser","type":"ide\\formats\\form\\elements\\WebViewFormElement","version":0,"data":[]},"rect9":{"id":"rect9","type":"ide\\formats\\form\\elements\\RectangleFormElement","version":0,"data":[]},"edit":{"id":"edit","type":"ide\\formats\\form\\elements\\TextFieldFormElement","version":0,"data":[]}}},"src/fengineeight/forms/createfolder.php":{"_objects":{"rect":{"id":"rect","type":"ide\\formats\\form\\elements\\RectangleFormElement","version":0,"data":[]},"rectAlt":{"id":"rectAlt","type":"ide\\formats\\form\\elements\\RectangleFormElement","version":0,"data":[]},"image":{"id":"image","type":"ide\\formats\\form\\elements\\ImageViewFormElement","version":0,"data":{"image":".data/img/close.png"}},"rect3":{"id":"rect3","type":"ide\\formats\\form\\elements\\RectangleFormElement","version":0,"data":[]},"label":{"id":"label","type":"ide\\formats\\form\\elements\\LabelFormElement","version":0,"data":[]},"imageAlt":{"id":"imageAlt","type":"ide\\formats\\form\\elements\\ImageViewFormElement","version":0,"data":{"image":".data/img/internet.png"}},"labelAlt":{"id":"labelAlt","type":"ide\\formats\\form\\elements\\LabelFormElement","version":0,"data":[]},"rect4":{"id":"rect4","type":"ide\\formats\\form\\elements\\RectangleFormElement","version":0,"data":[]},"label3":{"id":"label3","type":"ide\\formats\\form\\elements\\LabelFormElement","version":0,"data":[]},"label4":{"id":"label4","type":"ide\\formats\\form\\elements\\LabelFormElement","version":0,"data":[]},"rect5":{"id":"rect5","type":"ide\\formats\\form\\elements\\RectangleFormElement","version":0,"data":[]},"edit":{"id":"edit","type":"ide\\formats\\form\\elements\\TextFieldFormElement","version":0,"data":[]},"rect6":{"id":"rect6","type":"ide\\formats\\form\\elements\\RectangleFormElement","version":0,"data":[]},"label5":{"id":"label5","type":"ide\\formats\\form\\elements\\LabelFormElement","version":0,"data":[]}}},"src/fengineeight/forms/errornetwork.php":{"_objects":{"rect":{"id":"rect","type":"ide\\formats\\form\\elements\\RectangleFormElement","version":0,"data":[]},"rectAlt":{"id":"rectAlt","type":"ide\\formats\\form\\elements\\RectangleFormElement","version":0,"data":[]},"image":{"id":"image","type":"ide\\formats\\form\\elements\\ImageViewFormElement","version":0,"data":{"image":".data/img/close.png"}},"rect3":{"id":"rect3","type":"ide\\formats\\form\\elements\\RectangleFormElement","version":0,"data":[]},"label":{"id":"label","type":"ide\\formats\\form\\elements\\LabelFormElement","version":0,"data":[]},"imageAlt":{"id":"imageAlt","type":"ide\\formats\\form\\elements\\ImageViewFormElement","version":0,"data":{"image":".data/img/error.png"}},"labelAlt":{"id":"labelAlt","type":"ide\\formats\\form\\elements\\LabelFormElement","version":0,"data":[]},"rect4":{"id":"rect4","type":"ide\\formats\\form\\elements\\RectangleFormElement","version":0,"data":[]},"label3":{"id":"label3","type":"ide\\formats\\form\\elements\\LabelFormElement","version":0,"data":[]},"label4":{"id":"label4","type":"ide\\formats\\form\\elements\\LabelFormElement","version":0,"data":[]},"rect6":{"id":"rect6","type":"ide\\formats\\form\\elements\\RectangleFormElement","version":0,"data":[]},"label5":{"id":"label5","type":"ide\\formats\\form\\elements\\LabelFormElement","version":0,"data":[]}}},"src/fengineeight/modules/appmodule.php":{"_objects":{"script":{"id":"script","type":"ide\\scripts\\elements\\MacroScriptComponent"}}},"src/fengineeight/modules/coremodule.php":{"_objects":[]},"src/fengineeight/modules/mainmodule.php":{"_objects":[]},"src/fengineeight/modules/videomodule.php":{"_objects":{"fileChooser":{"id":"fileChooser","type":"ide\\scripts\\elements\\FileChooserScriptComponent"},"player":{"id":"player","type":"ide\\scripts\\elements\\MediaPlayerScriptComponent"}}}}