{"src/fengineeight/forms/red.php":{"_objects":{"rect8":{"id":"rect8","type":"ide\\formats\\form\\elements\\RectangleFormElement","version":47,"data":[]},"rect":{"id":"rect","type":"ide\\formats\\form\\elements\\RectangleFormElement","version":31,"data":[]},"rectAlt":{"id":"rectAlt","type":"ide\\formats\\form\\elements\\RectangleFormElement","version":49,"data":[]},"rect3":{"id":"rect3","type":"ide\\formats\\form\\elements\\RectangleFormElement","version":33,"data":[]},"rect4":{"id":"rect4","type":"ide\\formats\\form\\elements\\RectangleFormElement","version":34,"data":[]},"circle":{"id":"circle","type":"ide\\formats\\form\\elements\\CircleFormElement","version":29,"data":[]},"image":{"id":"image","type":"ide\\formats\\form\\elements\\ImageViewFormElement","version":9,"data":{"image":".data/img/icons8-удалить-12.png"}},"label":{"id":"label","type":"ide\\formats\\form\\elements\\LabelFormElement","version":50,"data":[]},"circleAlt":{"id":"circleAlt","type":"ide\\formats\\form\\elements\\CircleFormElement","version":23,"data":[]},"image3":{"id":"image3","type":"ide\\formats\\form\\elements\\ImageViewFormElement","version":4,"data":{"image":".data/img/icons8-пустой-чекбокс-12.png"}},"circle3":{"id":"circle3","type":"ide\\formats\\form\\elements\\CircleFormElement","version":8,"data":[]},"image5":{"id":"image5","type":"ide\\formats\\form\\elements\\ImageViewFormElement","version":0,"data":{"image":".data/img/icons8-минус-12.png"}},"image6":{"id":"image6","type":"ide\\formats\\form\\elements\\ImageViewFormElement","version":52,"data":{"image":".data/img/icons8-php-дизайнер-24.png"}},"rect5":{"id":"rect5","type":"ide\\formats\\form\\elements\\RectangleFormElement","version":179,"data":[]},"imageAlt":{"id":"imageAlt","type":"ide\\formats\\form\\elements\\ImageViewFormElement","version":0,"data":{"image":".data/img/icons8-меню-16 (1).png"}},"button":{"id":"button","type":"ide\\formats\\form\\elements\\FlatButtonFormElement","version":102,"data":[]},"rect6":{"id":"rect6","type":"ide\\formats\\form\\elements\\RectangleFormElement","version":26,"data":[]},"rect7":{"id":"rect7","type":"ide\\formats\\form\\elements\\RectangleFormElement","version":13,"data":[]},"labelAlt":{"id":"labelAlt","type":"ide\\formats\\form\\elements\\LabelFormElement","version":145,"data":[]},"rect12":{"id":"rect12","type":"ide\\formats\\form\\elements\\RectangleFormElement","version":63,"data":[]},"label5":{"id":"label5","type":"ide\\formats\\form\\elements\\LabelFormElement","version":118,"data":[]},"circle4":{"id":"circle4","type":"ide\\formats\\form\\elements\\CircleFormElement","version":244,"data":[]},"rect9":{"id":"rect9","type":"ide\\formats\\form\\elements\\RectangleFormElement","version":64,"data":[]},"label3":{"id":"label3","type":"ide\\formats\\form\\elements\\LabelFormElement","version":325,"data":[]},"rect10":{"id":"rect10","type":"ide\\formats\\form\\elements\\RectangleFormElement","version":35,"data":[]},"circle5":{"id":"circle5","type":"ide\\formats\\form\\elements\\CircleFormElement","version":152,"data":[]},"label4":{"id":"label4","type":"ide\\formats\\form\\elements\\LabelFormElement","version":228,"data":[]},"circle6":{"id":"circle6","type":"ide\\formats\\form\\elements\\CircleFormElement","version":153,"data":[]},"label6":{"id":"label6","type":"ide\\formats\\form\\elements\\LabelFormElement","version":130,"data":[]},"circle7":{"id":"circle7","type":"ide\\formats\\form\\elements\\CircleFormElement","version":123,"data":[]},"label7":{"id":"label7","type":"ide\\formats\\form\\elements\\LabelFormElement","version":149,"data":[]},"circle8":{"id":"circle8","type":"ide\\formats\\form\\elements\\CircleFormElement","version":60,"data":[]},"buttonAlt":{"id":"buttonAlt","type":"ide\\formats\\form\\elements\\FlatButtonFormElement","version":346,"data":[]},"rect15":{"id":"rect15","type":"ide\\formats\\form\\elements\\RectangleFormElement","version":50,"data":[]},"rect11":{"id":"rect11","type":"ide\\formats\\form\\elements\\RectangleFormElement","version":41,"data":[]},"rect13":{"id":"rect13","type":"ide\\formats\\form\\elements\\RectangleFormElement","version":33,"data":[]},"rect14":{"id":"rect14","type":"ide\\formats\\form\\elements\\RectangleFormElement","version":53,"data":[]},"rect16":{"id":"rect16","type":"ide\\formats\\form\\elements\\RectangleFormElement","version":45,"data":[]},"image4":{"id":"image4","type":"ide\\formats\\form\\elements\\ImageViewFormElement","version":36,"data":{"image":".data/img/icons8-php-дизайнер-24.png"}},"label8":{"id":"label8","type":"ide\\formats\\form\\elements\\LabelFormElement","version":261,"data":[]},"circle9":{"id":"circle9","type":"ide\\formats\\form\\elements\\CircleFormElement","version":63,"data":[]},"image7":{"id":"image7","type":"ide\\formats\\form\\elements\\ImageViewFormElement","version":25,"data":{"image":".data/img/icons8-удалить-12.png"}},"circle10":{"id":"circle10","type":"ide\\formats\\form\\elements\\CircleFormElement","version":53,"data":[]},"label9":{"id":"label9","type":"ide\\formats\\form\\elements\\LabelFormElement","version":374,"data":[]},"image8":{"id":"image8","type":"ide\\formats\\form\\elements\\ImageViewFormElement","version":41,"data":{"image":".data/img/icons8-tesseract-32.png"}},"rect17":{"id":"rect17","type":"ide\\formats\\form\\elements\\RectangleFormElement","version":44,"data":[]},"label10":{"id":"label10","type":"ide\\formats\\form\\elements\\LabelFormElement","version":426,"data":[]},"panel":{"id":"panel","type":"ide\\formats\\form\\elements\\PanelFormElement","version":948,"data":[]}}},"src/fengineeight/modules/appmodule.php":{"_objects":[]},"src/fengineeight/modules/mainmodule.php":{"_objects":[]},"src/fengineeight/forms/white.php":{"_objects":{"rect8":{"id":"rect8","type":"ide\\formats\\form\\elements\\RectangleFormElement","version":40,"data":[]},"rect":{"id":"rect","type":"ide\\formats\\form\\elements\\RectangleFormElement","version":30,"data":[]},"rectAlt":{"id":"rectAlt","type":"ide\\formats\\form\\elements\\RectangleFormElement","version":25,"data":[]},"rect3":{"id":"rect3","type":"ide\\formats\\form\\elements\\RectangleFormElement","version":27,"data":[]},"rect4":{"id":"rect4","type":"ide\\formats\\form\\elements\\RectangleFormElement","version":13,"data":[]},"circle":{"id":"circle","type":"ide\\formats\\form\\elements\\CircleFormElement","version":17,"data":[]},"image":{"id":"image","type":"ide\\formats\\form\\elements\\ImageViewFormElement","version":8,"data":{"image":".data/img/icons8-удалить-12.png"}},"label":{"id":"label","type":"ide\\formats\\form\\elements\\LabelFormElement","version":100,"data":[]},"circleAlt":{"id":"circleAlt","type":"ide\\formats\\form\\elements\\CircleFormElement","version":10,"data":[]},"image3":{"id":"image3","type":"ide\\formats\\form\\elements\\ImageViewFormElement","version":0,"data":{"image":".data/img/icons8-пустой-чекбокс-12.png"}},"circle3":{"id":"circle3","type":"ide\\formats\\form\\elements\\CircleFormElement","version":23,"data":[]},"image5":{"id":"image5","type":"ide\\formats\\form\\elements\\ImageViewFormElement","version":0,"data":{"image":".data/img/icons8-минус-12.png"}},"image6":{"id":"image6","type":"ide\\formats\\form\\elements\\ImageViewFormElement","version":12,"data":{"image":".data/img/icons8-php-дизайнер-24.png"}},"rect5":{"id":"rect5","type":"ide\\formats\\form\\elements\\RectangleFormElement","version":0,"data":[]},"imageAlt":{"id":"imageAlt","type":"ide\\formats\\form\\elements\\ImageViewFormElement","version":0,"data":{"image":".data/img/icons8-меню-16 (1).png"}},"button":{"id":"button","type":"ide\\formats\\form\\elements\\FlatButtonFormElement","version":16,"data":[]},"rect6":{"id":"rect6","type":"ide\\formats\\form\\elements\\RectangleFormElement","version":23,"data":[]},"rect7":{"id":"rect7","type":"ide\\formats\\form\\elements\\RectangleFormElement","version":37,"data":[]},"labelAlt":{"id":"labelAlt","type":"ide\\formats\\form\\elements\\LabelFormElement","version":40,"data":[]},"rect12":{"id":"rect12","type":"ide\\formats\\form\\elements\\RectangleFormElement","version":18,"data":[]},"label5":{"id":"label5","type":"ide\\formats\\form\\elements\\LabelFormElement","version":0,"data":[]},"rect9":{"id":"rect9","type":"ide\\formats\\form\\elements\\RectangleFormElement","version":0,"data":[]},"label3":{"id":"label3","type":"ide\\formats\\form\\elements\\LabelFormElement","version":0,"data":[]},"rect10":{"id":"rect10","type":"ide\\formats\\form\\elements\\RectangleFormElement","version":0,"data":[]},"circle5":{"id":"circle5","type":"ide\\formats\\form\\elements\\CircleFormElement","version":7,"data":[]},"label4":{"id":"label4","type":"ide\\formats\\form\\elements\\LabelFormElement","version":0,"data":[]},"circle6":{"id":"circle6","type":"ide\\formats\\form\\elements\\CircleFormElement","version":5,"data":[]},"label6":{"id":"label6","type":"ide\\formats\\form\\elements\\LabelFormElement","version":0,"data":[]},"circle7":{"id":"circle7","type":"ide\\formats\\form\\elements\\CircleFormElement","version":0,"data":[]},"label7":{"id":"label7","type":"ide\\formats\\form\\elements\\LabelFormElement","version":20,"data":[]}}},"src/fengineeight/forms/dark.php":{"_objects":{"rect8":{"id":"rect8","type":"ide\\formats\\form\\elements\\RectangleFormElement","version":25,"data":[]},"rect":{"id":"rect","type":"ide\\formats\\form\\elements\\RectangleFormElement","version":26,"data":[]},"rectAlt":{"id":"rectAlt","type":"ide\\formats\\form\\elements\\RectangleFormElement","version":32,"data":[]},"rect3":{"id":"rect3","type":"ide\\formats\\form\\elements\\RectangleFormElement","version":19,"data":[]},"rect4":{"id":"rect4","type":"ide\\formats\\form\\elements\\RectangleFormElement","version":18,"data":[]},"circle":{"id":"circle","type":"ide\\formats\\form\\elements\\CircleFormElement","version":9,"data":[]},"image":{"id":"image","type":"ide\\formats\\form\\elements\\ImageViewFormElement","version":4,"data":{"image":".data/img/icons8-удалить-12.png"}},"label":{"id":"label","type":"ide\\formats\\form\\elements\\LabelFormElement","version":0,"data":[]},"circleAlt":{"id":"circleAlt","type":"ide\\formats\\form\\elements\\CircleFormElement","version":17,"data":[]},"image3":{"id":"image3","type":"ide\\formats\\form\\elements\\ImageViewFormElement","version":0,"data":{"image":".data/img/icons8-пустой-чекбокс-12.png"}},"circle3":{"id":"circle3","type":"ide\\formats\\form\\elements\\CircleFormElement","version":21,"data":[]},"image5":{"id":"image5","type":"ide\\formats\\form\\elements\\ImageViewFormElement","version":0,"data":{"image":".data/img/icons8-минус-12.png"}},"image6":{"id":"image6","type":"ide\\formats\\form\\elements\\ImageViewFormElement","version":0,"data":{"image":".data/img/icons8-php-дизайнер-24.png"}},"rect5":{"id":"rect5","type":"ide\\formats\\form\\elements\\RectangleFormElement","version":0,"data":[]},"imageAlt":{"id":"imageAlt","type":"ide\\formats\\form\\elements\\ImageViewFormElement","version":0,"data":{"image":".data/img/icons8-меню-16 (1).png"}},"button":{"id":"button","type":"ide\\formats\\form\\elements\\FlatButtonFormElement","version":0,"data":[]},"rect6":{"id":"rect6","type":"ide\\formats\\form\\elements\\RectangleFormElement","version":26,"data":[]},"rect7":{"id":"rect7","type":"ide\\formats\\form\\elements\\RectangleFormElement","version":25,"data":[]},"labelAlt":{"id":"labelAlt","type":"ide\\formats\\form\\elements\\LabelFormElement","version":0,"data":[]},"rect12":{"id":"rect12","type":"ide\\formats\\form\\elements\\RectangleFormElement","version":27,"data":[]},"label5":{"id":"label5","type":"ide\\formats\\form\\elements\\LabelFormElement","version":0,"data":[]},"rect9":{"id":"rect9","type":"ide\\formats\\form\\elements\\RectangleFormElement","version":0,"data":[]},"label3":{"id":"label3","type":"ide\\formats\\form\\elements\\LabelFormElement","version":0,"data":[]},"rect10":{"id":"rect10","type":"ide\\formats\\form\\elements\\RectangleFormElement","version":0,"data":[]},"circle5":{"id":"circle5","type":"ide\\formats\\form\\elements\\CircleFormElement","version":0,"data":[]},"label4":{"id":"label4","type":"ide\\formats\\form\\elements\\LabelFormElement","version":0,"data":[]},"circle6":{"id":"circle6","type":"ide\\formats\\form\\elements\\CircleFormElement","version":0,"data":[]},"label6":{"id":"label6","type":"ide\\formats\\form\\elements\\LabelFormElement","version":0,"data":[]},"circle7":{"id":"circle7","type":"ide\\formats\\form\\elements\\CircleFormElement","version":0,"data":[]},"label7":{"id":"label7","type":"ide\\formats\\form\\elements\\LabelFormElement","version":0,"data":[]}}}}