{"src/app/forms/about.php":{"_objects":{"rect":{"id":"rect","type":"ide\\formats\\form\\elements\\RectangleFormElement","version":0,"data":[]},"label":{"id":"label","type":"ide\\formats\\form\\elements\\LabelFormElement","version":0,"data":[]},"rect4":{"id":"rect4","type":"ide\\formats\\form\\elements\\RectangleFormElement","version":0,"data":[]},"labelAlt":{"id":"labelAlt","type":"ide\\formats\\form\\elements\\LabelFormElement","version":0,"data":[]},"imageAlt":{"id":"imageAlt","type":"ide\\formats\\form\\elements\\ImageViewFormElement","version":0,"data":{"image":".data/img/icons8-tweakbox-128.png"}},"label3":{"id":"label3","type":"ide\\formats\\form\\elements\\LabelFormElement","version":0,"data":[]},"label4":{"id":"label4","type":"ide\\formats\\form\\elements\\LabelFormElement","version":0,"data":[]},"rectAlt":{"id":"rectAlt","type":"ide\\formats\\form\\elements\\RectangleFormElement","version":0,"data":[]},"label5":{"id":"label5","type":"ide\\formats\\form\\elements\\LabelFormElement","version":0,"data":[]},"rect3":{"id":"rect3","type":"ide\\formats\\form\\elements\\RectangleFormElement","version":0,"data":[]},"rect5":{"id":"rect5","type":"ide\\formats\\form\\elements\\RectangleFormElement","version":0,"data":[]},"label6":{"id":"label6","type":"ide\\formats\\form\\elements\\LabelFormElement","version":0,"data":[]},"rect6":{"id":"rect6","type":"ide\\formats\\form\\elements\\RectangleFormElement","version":0,"data":[]},"label7":{"id":"label7","type":"ide\\formats\\form\\elements\\LabelFormElement","version":0,"data":[]},"rect7":{"id":"rect7","type":"ide\\formats\\form\\elements\\RectangleFormElement","version":0,"data":[]},"rect8":{"id":"rect8","type":"ide\\formats\\form\\elements\\RectangleFormElement","version":0,"data":[]},"label8":{"id":"label8","type":"ide\\formats\\form\\elements\\LabelFormElement","version":0,"data":[]},"circle":{"id":"circle","type":"ide\\formats\\form\\elements\\CircleFormElement","version":0,"data":[]},"image":{"id":"image","type":"ide\\formats\\form\\elements\\ImageViewFormElement","version":0,"data":{"image":".data/img/image (2).png"}},"closeButton":{"id":"closeButton","type":"ide\\formats\\form\\elements\\CircleFormElement","version":0,"data":[]}}},"src/app/forms/calculator.php":{"_objects":{"rect":{"id":"rect","type":"ide\\formats\\form\\elements\\RectangleFormElement","version":0,"data":[]},"rectAlt":{"id":"rectAlt","type":"ide\\formats\\form\\elements\\RectangleFormElement","version":0,"data":[]},"label":{"id":"label","type":"ide\\formats\\form\\elements\\LabelFormElement","version":0,"data":[]},"rect4":{"id":"rect4","type":"ide\\formats\\form\\elements\\RectangleFormElement","version":0,"data":[]},"labelAlt":{"id":"labelAlt","type":"ide\\formats\\form\\elements\\LabelFormElement","version":0,"data":[]},"circle":{"id":"circle","type":"ide\\formats\\form\\elements\\CircleFormElement","version":0,"data":[]},"image":{"id":"image","type":"ide\\formats\\form\\elements\\ImageViewFormElement","version":0,"data":{"image":".data/img/window-close-symbolic.png"}},"circleAlt":{"id":"circleAlt","type":"ide\\formats\\form\\elements\\CircleFormElement","version":0,"data":[]},"circle3":{"id":"circle3","type":"ide\\formats\\form\\elements\\CircleFormElement","version":0,"data":[]},"imageAlt":{"id":"imageAlt","type":"ide\\formats\\form\\elements\\ImageViewFormElement","version":0,"data":{"image":".data/img/window-maximize-symbolic.png"}},"image3":{"id":"image3","type":"ide\\formats\\form\\elements\\ImageViewFormElement","version":0,"data":{"image":".data/img/window-minimize-symbolic.png"}},"minButton":{"id":"minButton","type":"ide\\formats\\form\\elements\\CircleFormElement","version":0,"data":[]},"closeButton":{"id":"closeButton","type":"ide\\formats\\form\\elements\\CircleFormElement","version":0,"data":[]},"rect10":{"id":"rect10","type":"ide\\formats\\form\\elements\\RectangleFormElement","version":0,"data":[]},"image5":{"id":"image5","type":"ide\\formats\\form\\elements\\ImageViewFormElement","version":0,"data":{"image":".data/img/open-menu-symbolic.png"}},"label4":{"id":"label4","type":"ide\\formats\\form\\elements\\LabelFormElement","version":0,"data":[]},"label5":{"id":"label5","type":"ide\\formats\\form\\elements\\LabelFormElement","version":0,"data":[]},"rect3":{"id":"rect3","type":"ide\\formats\\form\\elements\\RectangleFormElement","version":0,"data":[]},"edit":{"id":"edit","type":"ide\\formats\\form\\elements\\TextFieldFormElement","version":0,"data":[]},"buttonClear":{"id":"buttonClear","type":"ide\\formats\\form\\elements\\FlatButtonFormElement","version":0,"data":[]},"buttonSplit":{"id":"buttonSplit","type":"ide\\formats\\form\\elements\\FlatButtonFormElement","version":0,"data":[]},"button7":{"id":"button7","type":"ide\\formats\\form\\elements\\FlatButtonFormElement","version":0,"data":[]},"button8":{"id":"button8","type":"ide\\formats\\form\\elements\\FlatButtonFormElement","version":0,"data":[]},"button9":{"id":"button9","type":"ide\\formats\\form\\elements\\FlatButtonFormElement","version":0,"data":[]},"button4":{"id":"button4","type":"ide\\formats\\form\\elements\\FlatButtonFormElement","version":0,"data":[]},"button5":{"id":"button5","type":"ide\\formats\\form\\elements\\FlatButtonFormElement","version":0,"data":[]},"button6":{"id":"button6","type":"ide\\formats\\form\\elements\\FlatButtonFormElement","version":0,"data":[]},"button1":{"id":"button1","type":"ide\\formats\\form\\elements\\FlatButtonFormElement","version":0,"data":[]},"button2":{"id":"button2","type":"ide\\formats\\form\\elements\\FlatButtonFormElement","version":0,"data":[]},"button3":{"id":"button3","type":"ide\\formats\\form\\elements\\FlatButtonFormElement","version":0,"data":[]},"button0":{"id":"button0","type":"ide\\formats\\form\\elements\\FlatButtonFormElement","version":0,"data":[]},"button16":{"id":"button16","type":"ide\\formats\\form\\elements\\FlatButtonFormElement","version":0,"data":[]},"buttonMult":{"id":"buttonMult","type":"ide\\formats\\form\\elements\\FlatButtonFormElement","version":0,"data":[]},"buttonMin":{"id":"buttonMin","type":"ide\\formats\\form\\elements\\FlatButtonFormElement","version":0,"data":[]},"buttonPlus":{"id":"buttonPlus","type":"ide\\formats\\form\\elements\\FlatButtonFormElement","version":0,"data":[]},"buttonResult":{"id":"buttonResult","type":"ide\\formats\\form\\elements\\FlatButtonFormElement","version":0,"data":[]},"label3":{"id":"label3","type":"ide\\formats\\form\\elements\\LabelFormElement","version":0,"data":[]},"buttonAlt":{"id":"buttonAlt","type":"ide\\formats\\form\\elements\\FlatButtonFormElement","version":0,"data":[]},"label6":{"id":"label6","type":"ide\\formats\\form\\elements\\LabelFormElement","version":0,"data":[]},"label7":{"id":"label7","type":"ide\\formats\\form\\elements\\LabelFormElement","version":0,"data":[]},"rect5":{"id":"rect5","type":"ide\\formats\\form\\elements\\RectangleFormElement","version":0,"data":[]},"image4":{"id":"image4","type":"ide\\formats\\form\\elements\\ImageViewFormElement","version":0,"data":{"image":".data/img/pan-start-symbolic.png"}},"circle4":{"id":"circle4","type":"ide\\formats\\form\\elements\\CircleFormElement","version":0,"data":[]},"circle5":{"id":"circle5","type":"ide\\formats\\form\\elements\\CircleFormElement","version":0,"data":[]},"circle6":{"id":"circle6","type":"ide\\formats\\form\\elements\\CircleFormElement","version":0,"data":[]},"image6":{"id":"image6","type":"ide\\formats\\form\\elements\\ImageViewFormElement","version":0,"data":{"image":".data/img/window-close-symbolic.png"}},"image7":{"id":"image7","type":"ide\\formats\\form\\elements\\ImageViewFormElement","version":0,"data":{"image":".data/img/window-maximize-symbolic.png"}},"image8":{"id":"image8","type":"ide\\formats\\form\\elements\\ImageViewFormElement","version":0,"data":{"image":".data/img/window-minimize-symbolic.png"}},"circle7":{"id":"circle7","type":"ide\\formats\\form\\elements\\CircleFormElement","version":0,"data":[]},"circle8":{"id":"circle8","type":"ide\\formats\\form\\elements\\CircleFormElement","version":0,"data":[]},"rect6":{"id":"rect6","type":"ide\\formats\\form\\elements\\RectangleFormElement","version":0,"data":[]},"label8":{"id":"label8","type":"ide\\formats\\form\\elements\\LabelFormElement","version":0,"data":[]},"rect7":{"id":"rect7","type":"ide\\formats\\form\\elements\\RectangleFormElement","version":0,"data":[]},"label9":{"id":"label9","type":"ide\\formats\\form\\elements\\LabelFormElement","version":0,"data":[]},"image9":{"id":"image9","type":"ide\\formats\\form\\elements\\ImageViewFormElement","version":0,"data":{"image":".data/img/icons8-информация-16.png"}},"image10":{"id":"image10","type":"ide\\formats\\form\\elements\\ImageViewFormElement","version":0,"data":{"image":".data/img/icons8-пользователь-мужчина-в-кружке-16.png"}},"button":{"id":"button","type":"ide\\formats\\form\\elements\\FlatButtonFormElement","version":0,"data":[]},"panel":{"id":"panel","type":"ide\\formats\\form\\elements\\PanelFormElement","version":0,"data":[]},"label10":{"id":"label10","type":"ide\\formats\\form\\elements\\LabelFormElement","version":0,"data":[]},"label11":{"id":"label11","type":"ide\\formats\\form\\elements\\LabelFormElement","version":0,"data":[]},"rect8":{"id":"rect8","type":"ide\\formats\\form\\elements\\RectangleFormElement","version":0,"data":[]},"image11":{"id":"image11","type":"ide\\formats\\form\\elements\\ImageViewFormElement","version":0,"data":{"image":".data/img/pan-start-symbolic.png"}},"circle9":{"id":"circle9","type":"ide\\formats\\form\\elements\\CircleFormElement","version":0,"data":[]},"circle10":{"id":"circle10","type":"ide\\formats\\form\\elements\\CircleFormElement","version":0,"data":[]},"circle11":{"id":"circle11","type":"ide\\formats\\form\\elements\\CircleFormElement","version":0,"data":[]},"image12":{"id":"image12","type":"ide\\formats\\form\\elements\\ImageViewFormElement","version":0,"data":{"image":".data/img/window-close-symbolic.png"}},"image13":{"id":"image13","type":"ide\\formats\\form\\elements\\ImageViewFormElement","version":0,"data":{"image":".data/img/window-maximize-symbolic.png"}},"image14":{"id":"image14","type":"ide\\formats\\form\\elements\\ImageViewFormElement","version":0,"data":{"image":".data/img/window-minimize-symbolic.png"}},"circle12":{"id":"circle12","type":"ide\\formats\\form\\elements\\CircleFormElement","version":0,"data":[]},"circle13":{"id":"circle13","type":"ide\\formats\\form\\elements\\CircleFormElement","version":0,"data":[]},"button10":{"id":"button10","type":"ide\\formats\\form\\elements\\FlatButtonFormElement","version":0,"data":[]},"panelAlt":{"id":"panelAlt","type":"ide\\formats\\form\\elements\\PanelFormElement","version":0,"data":[]}}},"src/app/forms/colors.php":{"_objects":{"rect":{"id":"rect","type":"ide\\formats\\form\\elements\\RectangleFormElement","version":0,"data":[]},"rectAlt":{"id":"rectAlt","type":"ide\\formats\\form\\elements\\RectangleFormElement","version":0,"data":[]},"rect3":{"id":"rect3","type":"ide\\formats\\form\\elements\\RectangleFormElement","version":0,"data":[]},"rect4":{"id":"rect4","type":"ide\\formats\\form\\elements\\RectangleFormElement","version":0,"data":[]},"rect5":{"id":"rect5","type":"ide\\formats\\form\\elements\\RectangleFormElement","version":0,"data":[]},"rect6":{"id":"rect6","type":"ide\\formats\\form\\elements\\RectangleFormElement","version":0,"data":[]},"rect7":{"id":"rect7","type":"ide\\formats\\form\\elements\\RectangleFormElement","version":0,"data":[]}}},"src/app/forms/hterm.php":{"_objects":{"rect":{"id":"rect","type":"ide\\formats\\form\\elements\\RectangleFormElement","version":0,"data":[]},"rectAlt":{"id":"rectAlt","type":"ide\\formats\\form\\elements\\RectangleFormElement","version":0,"data":[]},"label":{"id":"label","type":"ide\\formats\\form\\elements\\LabelFormElement","version":164,"data":[]},"rect4":{"id":"rect4","type":"ide\\formats\\form\\elements\\RectangleFormElement","version":0,"data":[]},"labelAlt":{"id":"labelAlt","type":"ide\\formats\\form\\elements\\LabelFormElement","version":5,"data":[]},"circle":{"id":"circle","type":"ide\\formats\\form\\elements\\CircleFormElement","version":0,"data":[]},"image":{"id":"image","type":"ide\\formats\\form\\elements\\ImageViewFormElement","version":0,"data":{"image":".data/img/window-close-symbolic.png"}},"circleAlt":{"id":"circleAlt","type":"ide\\formats\\form\\elements\\CircleFormElement","version":0,"data":[]},"circle3":{"id":"circle3","type":"ide\\formats\\form\\elements\\CircleFormElement","version":0,"data":[]},"imageAlt":{"id":"imageAlt","type":"ide\\formats\\form\\elements\\ImageViewFormElement","version":0,"data":{"image":".data/img/window-maximize-symbolic.png"}},"image3":{"id":"image3","type":"ide\\formats\\form\\elements\\ImageViewFormElement","version":0,"data":{"image":".data/img/window-minimize-symbolic.png"}},"minButton":{"id":"minButton","type":"ide\\formats\\form\\elements\\CircleFormElement","version":0,"data":[]},"closeButton":{"id":"closeButton","type":"ide\\formats\\form\\elements\\CircleFormElement","version":0,"data":[]},"rect10":{"id":"rect10","type":"ide\\formats\\form\\elements\\RectangleFormElement","version":0,"data":[]},"image5":{"id":"image5","type":"ide\\formats\\form\\elements\\ImageViewFormElement","version":0,"data":{"image":".data/img/open-menu-symbolic.png"}},"rect3":{"id":"rect3","type":"ide\\formats\\form\\elements\\RectangleFormElement","version":0,"data":[]},"image6":{"id":"image6","type":"ide\\formats\\form\\elements\\ImageViewFormElement","version":0,"data":{"image":".data/img/icons8-плюс-50 (1).png"}},"label3":{"id":"label3","type":"ide\\formats\\form\\elements\\LabelFormElement","version":0,"data":[]},"rect6":{"id":"rect6","type":"ide\\formats\\form\\elements\\RectangleFormElement","version":0,"data":[]},"rect5":{"id":"rect5","type":"ide\\formats\\form\\elements\\RectangleFormElement","version":0,"data":[]},"rect7":{"id":"rect7","type":"ide\\formats\\form\\elements\\RectangleFormElement","version":0,"data":[]},"image4":{"id":"image4","type":"ide\\formats\\form\\elements\\ImageViewFormElement","version":0,"data":{"image":".data/img/icons8-соединение-включено-16.png"}},"image7":{"id":"image7","type":"ide\\formats\\form\\elements\\ImageViewFormElement","version":0,"data":{"image":".data/img/icons8-сильный-коннект-16.png"}},"rect8":{"id":"rect8","type":"ide\\formats\\form\\elements\\RectangleFormElement","version":0,"data":[]},"label5":{"id":"label5","type":"ide\\formats\\form\\elements\\LabelFormElement","version":0,"data":[]},"edit":{"id":"edit","type":"ide\\formats\\form\\elements\\TextFieldFormElement","version":8,"data":[]},"rect11":{"id":"rect11","type":"ide\\formats\\form\\elements\\RectangleFormElement","version":0,"data":[]},"rect12":{"id":"rect12","type":"ide\\formats\\form\\elements\\RectangleFormElement","version":0,"data":[]},"image9":{"id":"image9","type":"ide\\formats\\form\\elements\\ImageViewFormElement","version":0,"data":{"image":".data/img/icons8-консоль-16.png"}},"outputIcon":{"id":"outputIcon","type":"ide\\formats\\form\\elements\\SpriteViewFormElement","version":0,"data":{"sprite":"inputCheck"}},"label6":{"id":"label6","type":"ide\\formats\\form\\elements\\LabelFormElement","version":0,"data":[]},"rect13":{"id":"rect13","type":"ide\\formats\\form\\elements\\RectangleFormElement","version":0,"data":[]},"username":{"id":"username","type":"ide\\formats\\form\\elements\\LabelFormElement","version":0,"data":[]},"label7":{"id":"label7","type":"ide\\formats\\form\\elements\\LabelFormElement","version":0,"data":[]}}},"src/app/forms/htermabout.php":{"_objects":{"rect":{"id":"rect","type":"ide\\formats\\form\\elements\\RectangleFormElement","version":0,"data":[]},"label":{"id":"label","type":"ide\\formats\\form\\elements\\LabelFormElement","version":0,"data":[]},"rect4":{"id":"rect4","type":"ide\\formats\\form\\elements\\RectangleFormElement","version":0,"data":[]},"labelAlt":{"id":"labelAlt","type":"ide\\formats\\form\\elements\\LabelFormElement","version":0,"data":[]},"imageAlt":{"id":"imageAlt","type":"ide\\formats\\form\\elements\\ImageViewFormElement","version":0,"data":{"image":".data/img/icons8-animelab-96.png"}},"label3":{"id":"label3","type":"ide\\formats\\form\\elements\\LabelFormElement","version":0,"data":[]},"label4":{"id":"label4","type":"ide\\formats\\form\\elements\\LabelFormElement","version":0,"data":[]},"rectAlt":{"id":"rectAlt","type":"ide\\formats\\form\\elements\\RectangleFormElement","version":0,"data":[]},"label5":{"id":"label5","type":"ide\\formats\\form\\elements\\LabelFormElement","version":0,"data":[]},"rect3":{"id":"rect3","type":"ide\\formats\\form\\elements\\RectangleFormElement","version":0,"data":[]},"rect5":{"id":"rect5","type":"ide\\formats\\form\\elements\\RectangleFormElement","version":0,"data":[]},"label6":{"id":"label6","type":"ide\\formats\\form\\elements\\LabelFormElement","version":0,"data":[]},"rect6":{"id":"rect6","type":"ide\\formats\\form\\elements\\RectangleFormElement","version":0,"data":[]},"label7":{"id":"label7","type":"ide\\formats\\form\\elements\\LabelFormElement","version":0,"data":[]},"rect7":{"id":"rect7","type":"ide\\formats\\form\\elements\\RectangleFormElement","version":0,"data":[]},"rect8":{"id":"rect8","type":"ide\\formats\\form\\elements\\RectangleFormElement","version":0,"data":[]},"label8":{"id":"label8","type":"ide\\formats\\form\\elements\\LabelFormElement","version":0,"data":[]},"circle":{"id":"circle","type":"ide\\formats\\form\\elements\\CircleFormElement","version":0,"data":[]},"image":{"id":"image","type":"ide\\formats\\form\\elements\\ImageViewFormElement","version":0,"data":{"image":".data/img/window-close-symbolic.png"}},"closeButton":{"id":"closeButton","type":"ide\\formats\\form\\elements\\CircleFormElement","version":0,"data":[]}}},"src/app/forms/loginform.php":{"_objects":{"rect":{"id":"rect","type":"ide\\formats\\form\\elements\\RectangleFormElement","version":0,"data":[]},"label":{"id":"label","type":"ide\\formats\\form\\elements\\LabelFormElement","version":0,"data":[]},"labelAlt":{"id":"labelAlt","type":"ide\\formats\\form\\elements\\LabelFormElement","version":0,"data":[]},"imageAlt":{"id":"imageAlt","type":"ide\\formats\\form\\elements\\ImageViewFormElement","version":0,"data":{"image":".data/img/icons8-animelab-256 (1).png"}},"rect9":{"id":"rect9","type":"ide\\formats\\form\\elements\\RectangleFormElement","version":0,"data":[]},"rect10":{"id":"rect10","type":"ide\\formats\\form\\elements\\RectangleFormElement","version":0,"data":[]},"label4":{"id":"label4","type":"ide\\formats\\form\\elements\\LabelFormElement","version":0,"data":[]},"label5":{"id":"label5","type":"ide\\formats\\form\\elements\\LabelFormElement","version":0,"data":[]},"label6":{"id":"label6","type":"ide\\formats\\form\\elements\\LabelFormElement","version":0,"data":[]},"rect11":{"id":"rect11","type":"ide\\formats\\form\\elements\\RectangleFormElement","version":0,"data":[]},"rect12":{"id":"rect12","type":"ide\\formats\\form\\elements\\RectangleFormElement","version":0,"data":[]},"label12":{"id":"label12","type":"ide\\formats\\form\\elements\\LabelFormElement","version":0,"data":[]},"rect13":{"id":"rect13","type":"ide\\formats\\form\\elements\\RectangleFormElement","version":0,"data":[]},"label20":{"id":"label20","type":"ide\\formats\\form\\elements\\LabelFormElement","version":0,"data":[]},"passwordField":{"id":"passwordField","type":"ide\\formats\\form\\elements\\PasswordFieldFormElement","version":0,"data":[]},"passForm":{"id":"passForm","type":"ide\\formats\\form\\elements\\PanelFormElement","version":0,"data":[]},"rect3":{"id":"rect3","type":"ide\\formats\\form\\elements\\RectangleFormElement","version":0,"data":[]},"circle":{"id":"circle","type":"ide\\formats\\form\\elements\\CircleFormElement","version":0,"data":[]},"image":{"id":"image","type":"ide\\formats\\form\\elements\\ImageViewFormElement","version":0,"data":{"image":".data/img/window-close-symbolic.png"}},"closeButton":{"id":"closeButton","type":"ide\\formats\\form\\elements\\CircleFormElement","version":0,"data":[]},"description":{"id":"description","type":"ide\\formats\\form\\elements\\LabelFormElement","version":0,"data":[]},"descriptionLabel":{"id":"descriptionLabel","type":"ide\\formats\\form\\elements\\PanelFormElement","version":0,"data":[]},"rectAlt":{"id":"rectAlt","type":"ide\\formats\\form\\elements\\RectangleFormElement","version":0,"data":[]},"rect8":{"id":"rect8","type":"ide\\formats\\form\\elements\\RectangleFormElement","version":0,"data":[]},"label8":{"id":"label8","type":"ide\\formats\\form\\elements\\LabelFormElement","version":0,"data":[]},"label9":{"id":"label9","type":"ide\\formats\\form\\elements\\LabelFormElement","version":0,"data":[]},"label10":{"id":"label10","type":"ide\\formats\\form\\elements\\LabelFormElement","version":0,"data":[]},"rect7":{"id":"rect7","type":"ide\\formats\\form\\elements\\RectangleFormElement","version":0,"data":[]},"loginEdit":{"id":"loginEdit","type":"ide\\formats\\form\\elements\\TextFieldFormElement","version":0,"data":[]},"rect5":{"id":"rect5","type":"ide\\formats\\form\\elements\\RectangleFormElement","version":0,"data":[]},"label11":{"id":"label11","type":"ide\\formats\\form\\elements\\LabelFormElement","version":0,"data":[]},"rect6":{"id":"rect6","type":"ide\\formats\\form\\elements\\RectangleFormElement","version":0,"data":[]},"label3":{"id":"label3","type":"ide\\formats\\form\\elements\\LabelFormElement","version":0,"data":[]},"loginForm":{"id":"loginForm","type":"ide\\formats\\form\\elements\\PanelFormElement","version":0,"data":[]}}},"src/app/forms/main.php":{"_objects":{"rect":{"id":"rect","type":"ide\\formats\\form\\elements\\RectangleFormElement","version":0,"data":[]},"rectAlt":{"id":"rectAlt","type":"ide\\formats\\form\\elements\\RectangleFormElement","version":0,"data":[]},"label":{"id":"label","type":"ide\\formats\\form\\elements\\LabelFormElement","version":0,"data":[]},"rect4":{"id":"rect4","type":"ide\\formats\\form\\elements\\RectangleFormElement","version":0,"data":[]},"labelAlt":{"id":"labelAlt","type":"ide\\formats\\form\\elements\\LabelFormElement","version":0,"data":[]},"circle":{"id":"circle","type":"ide\\formats\\form\\elements\\CircleFormElement","version":0,"data":[]},"image":{"id":"image","type":"ide\\formats\\form\\elements\\ImageViewFormElement","version":0,"data":{"image":".data/img/image (2).png"}},"circleAlt":{"id":"circleAlt","type":"ide\\formats\\form\\elements\\CircleFormElement","version":0,"data":[]},"circle3":{"id":"circle3","type":"ide\\formats\\form\\elements\\CircleFormElement","version":0,"data":[]},"imageAlt":{"id":"imageAlt","type":"ide\\formats\\form\\elements\\ImageViewFormElement","version":0,"data":{"image":".data/img/image (3).png"}},"image3":{"id":"image3","type":"ide\\formats\\form\\elements\\ImageViewFormElement","version":0,"data":{"image":".data/img/image (4).png"}},"label3":{"id":"label3","type":"ide\\formats\\form\\elements\\LabelFormElement","version":0,"data":[]},"minButton":{"id":"minButton","type":"ide\\formats\\form\\elements\\CircleFormElement","version":0,"data":[]},"closeButton":{"id":"closeButton","type":"ide\\formats\\form\\elements\\CircleFormElement","version":0,"data":[]},"rect10":{"id":"rect10","type":"ide\\formats\\form\\elements\\RectangleFormElement","version":0,"data":[]},"image5":{"id":"image5","type":"ide\\formats\\form\\elements\\ImageViewFormElement","version":0,"data":{"image":".data/img/image.png"}},"label4":{"id":"label4","type":"ide\\formats\\form\\elements\\LabelFormElement","version":0,"data":[]},"label5":{"id":"label5","type":"ide\\formats\\form\\elements\\LabelFormElement","version":0,"data":[]}}},"src/app/forms/mainform.php":{"_objects":{"rect":{"id":"rect","type":"ide\\formats\\form\\elements\\RectangleFormElement","version":0,"data":[]},"rectAlt":{"id":"rectAlt","type":"ide\\formats\\form\\elements\\RectangleFormElement","version":0,"data":[]},"label":{"id":"label","type":"ide\\formats\\form\\elements\\LabelFormElement","version":0,"data":[]},"rect4":{"id":"rect4","type":"ide\\formats\\form\\elements\\RectangleFormElement","version":0,"data":[]},"labelAlt":{"id":"labelAlt","type":"ide\\formats\\form\\elements\\LabelFormElement","version":0,"data":[]},"circle":{"id":"circle","type":"ide\\formats\\form\\elements\\CircleFormElement","version":0,"data":[]},"image":{"id":"image","type":"ide\\formats\\form\\elements\\ImageViewFormElement","version":0,"data":{"image":".data/img/window-close-symbolic.png"}},"circleAlt":{"id":"circleAlt","type":"ide\\formats\\form\\elements\\CircleFormElement","version":0,"data":[]},"circle3":{"id":"circle3","type":"ide\\formats\\form\\elements\\CircleFormElement","version":0,"data":[]},"imageAlt":{"id":"imageAlt","type":"ide\\formats\\form\\elements\\ImageViewFormElement","version":0,"data":{"image":".data/img/window-maximize-symbolic.png"}},"image3":{"id":"image3","type":"ide\\formats\\form\\elements\\ImageViewFormElement","version":0,"data":{"image":".data/img/window-minimize-symbolic.png"}},"label3":{"id":"label3","type":"ide\\formats\\form\\elements\\LabelFormElement","version":0,"data":[]},"minButton":{"id":"minButton","type":"ide\\formats\\form\\elements\\CircleFormElement","version":0,"data":[]},"closeButton":{"id":"closeButton","type":"ide\\formats\\form\\elements\\CircleFormElement","version":0,"data":[]},"rect3":{"id":"rect3","type":"ide\\formats\\form\\elements\\RectangleFormElement","version":0,"data":[]},"edit":{"id":"edit","type":"ide\\formats\\form\\elements\\TextFieldFormElement","version":0,"data":[]},"rect5":{"id":"rect5","type":"ide\\formats\\form\\elements\\RectangleFormElement","version":0,"data":[]},"rect9":{"id":"rect9","type":"ide\\formats\\form\\elements\\RectangleFormElement","version":0,"data":[]},"image4":{"id":"image4","type":"ide\\formats\\form\\elements\\ImageViewFormElement","version":0,"data":{"image":".data/img/pan-start-symbolic.png"}},"rect10":{"id":"rect10","type":"ide\\formats\\form\\elements\\RectangleFormElement","version":0,"data":[]},"image5":{"id":"image5","type":"ide\\formats\\form\\elements\\ImageViewFormElement","version":0,"data":{"image":".data/img/open-menu-symbolic.png"}},"label4":{"id":"label4","type":"ide\\formats\\form\\elements\\LabelFormElement","version":0,"data":[]},"label5":{"id":"label5","type":"ide\\formats\\form\\elements\\LabelFormElement","version":0,"data":[]},"rect6":{"id":"rect6","type":"ide\\formats\\form\\elements\\RectangleFormElement","version":0,"data":[]},"panel":{"id":"panel","type":"ide\\formats\\form\\elements\\PanelFormElement","version":0,"data":[]}}},"src/app/forms/millidatest.php":{"_objects":{"rect":{"id":"rect","type":"ide\\formats\\form\\elements\\RectangleFormElement","version":0,"data":[]},"rectAlt":{"id":"rectAlt","type":"ide\\formats\\form\\elements\\RectangleFormElement","version":0,"data":[]},"label":{"id":"label","type":"ide\\formats\\form\\elements\\LabelFormElement","version":0,"data":[]},"rect4":{"id":"rect4","type":"ide\\formats\\form\\elements\\RectangleFormElement","version":0,"data":[]},"labelAlt":{"id":"labelAlt","type":"ide\\formats\\form\\elements\\LabelFormElement","version":0,"data":[]},"circle":{"id":"circle","type":"ide\\formats\\form\\elements\\CircleFormElement","version":0,"data":[]},"image":{"id":"image","type":"ide\\formats\\form\\elements\\ImageViewFormElement","version":0,"data":{"image":".data/img/image (2).png"}},"circleAlt":{"id":"circleAlt","type":"ide\\formats\\form\\elements\\CircleFormElement","version":0,"data":[]},"circle3":{"id":"circle3","type":"ide\\formats\\form\\elements\\CircleFormElement","version":0,"data":[]},"imageAlt":{"id":"imageAlt","type":"ide\\formats\\form\\elements\\ImageViewFormElement","version":0,"data":{"image":".data/img/image (3).png"}},"image3":{"id":"image3","type":"ide\\formats\\form\\elements\\ImageViewFormElement","version":0,"data":{"image":".data/img/image (4).png"}},"minButton":{"id":"minButton","type":"ide\\formats\\form\\elements\\CircleFormElement","version":0,"data":[]},"closeButton":{"id":"closeButton","type":"ide\\formats\\form\\elements\\CircleFormElement","version":0,"data":[]},"rect10":{"id":"rect10","type":"ide\\formats\\form\\elements\\RectangleFormElement","version":0,"data":[]},"image5":{"id":"image5","type":"ide\\formats\\form\\elements\\ImageViewFormElement","version":0,"data":{"image":".data/img/image.png"}},"label4":{"id":"label4","type":"ide\\formats\\form\\elements\\LabelFormElement","version":0,"data":[]},"rect5":{"id":"rect5","type":"ide\\formats\\form\\elements\\RectangleFormElement","version":0,"data":[]},"circle4":{"id":"circle4","type":"ide\\formats\\form\\elements\\CircleFormElement","version":0,"data":[]},"circle5":{"id":"circle5","type":"ide\\formats\\form\\elements\\CircleFormElement","version":0,"data":[]},"circle6":{"id":"circle6","type":"ide\\formats\\form\\elements\\CircleFormElement","version":0,"data":[]},"image4":{"id":"image4","type":"ide\\formats\\form\\elements\\ImageViewFormElement","version":0,"data":{"image":".data/img/home.png"}},"rect3":{"id":"rect3","type":"ide\\formats\\form\\elements\\RectangleFormElement","version":0,"data":[]},"label3":{"id":"label3","type":"ide\\formats\\form\\elements\\LabelFormElement","version":0,"data":[]},"rect6":{"id":"rect6","type":"ide\\formats\\form\\elements\\RectangleFormElement","version":0,"data":[]},"rect7":{"id":"rect7","type":"ide\\formats\\form\\elements\\RectangleFormElement","version":0,"data":[]},"rect8":{"id":"rect8","type":"ide\\formats\\form\\elements\\RectangleFormElement","version":0,"data":[]},"rect9":{"id":"rect9","type":"ide\\formats\\form\\elements\\RectangleFormElement","version":0,"data":[]},"label5":{"id":"label5","type":"ide\\formats\\form\\elements\\LabelFormElement","version":0,"data":[]},"label6":{"id":"label6","type":"ide\\formats\\form\\elements\\LabelFormElement","version":0,"data":[]},"panel":{"id":"panel","type":"ide\\formats\\form\\elements\\PanelFormElement","version":0,"data":[]},"rect11":{"id":"rect11","type":"ide\\formats\\form\\elements\\RectangleFormElement","version":0,"data":[]},"rect12":{"id":"rect12","type":"ide\\formats\\form\\elements\\RectangleFormElement","version":0,"data":[]},"rect13":{"id":"rect13","type":"ide\\formats\\form\\elements\\RectangleFormElement","version":0,"data":[]},"label7":{"id":"label7","type":"ide\\formats\\form\\elements\\LabelFormElement","version":0,"data":[]},"label8":{"id":"label8","type":"ide\\formats\\form\\elements\\LabelFormElement","version":0,"data":[]},"panelAlt":{"id":"panelAlt","type":"ide\\formats\\form\\elements\\PanelFormElement","version":0,"data":[]},"label9":{"id":"label9","type":"ide\\formats\\form\\elements\\LabelFormElement","version":0,"data":[]},"rect14":{"id":"rect14","type":"ide\\formats\\form\\elements\\RectangleFormElement","version":0,"data":[]},"rect15":{"id":"rect15","type":"ide\\formats\\form\\elements\\RectangleFormElement","version":0,"data":[]},"rect16":{"id":"rect16","type":"ide\\formats\\form\\elements\\RectangleFormElement","version":0,"data":[]},"label10":{"id":"label10","type":"ide\\formats\\form\\elements\\LabelFormElement","version":0,"data":[]},"label11":{"id":"label11","type":"ide\\formats\\form\\elements\\LabelFormElement","version":0,"data":[]},"panel3":{"id":"panel3","type":"ide\\formats\\form\\elements\\PanelFormElement","version":0,"data":[]},"rect17":{"id":"rect17","type":"ide\\formats\\form\\elements\\RectangleFormElement","version":0,"data":[]},"rect18":{"id":"rect18","type":"ide\\formats\\form\\elements\\RectangleFormElement","version":0,"data":[]},"rect19":{"id":"rect19","type":"ide\\formats\\form\\elements\\RectangleFormElement","version":0,"data":[]},"label12":{"id":"label12","type":"ide\\formats\\form\\elements\\LabelFormElement","version":0,"data":[]},"label13":{"id":"label13","type":"ide\\formats\\form\\elements\\LabelFormElement","version":0,"data":[]},"panel4":{"id":"panel4","type":"ide\\formats\\form\\elements\\PanelFormElement","version":0,"data":[]},"rect20":{"id":"rect20","type":"ide\\formats\\form\\elements\\RectangleFormElement","version":0,"data":[]},"label14":{"id":"label14","type":"ide\\formats\\form\\elements\\LabelFormElement","version":0,"data":[]},"rect21":{"id":"rect21","type":"ide\\formats\\form\\elements\\RectangleFormElement","version":0,"data":[]},"label15":{"id":"label15","type":"ide\\formats\\form\\elements\\LabelFormElement","version":0,"data":[]},"label16":{"id":"label16","type":"ide\\formats\\form\\elements\\LabelFormElement","version":0,"data":[]},"image6":{"id":"image6","type":"ide\\formats\\form\\elements\\ImageViewFormElement","version":0,"data":{"image":".data/img/7.png"}},"label17":{"id":"label17","type":"ide\\formats\\form\\elements\\LabelFormElement","version":0,"data":[]},"label18":{"id":"label18","type":"ide\\formats\\form\\elements\\LabelFormElement","version":0,"data":[]},"rect22":{"id":"rect22","type":"ide\\formats\\form\\elements\\RectangleFormElement","version":0,"data":[]},"label19":{"id":"label19","type":"ide\\formats\\form\\elements\\LabelFormElement","version":0,"data":[]},"label20":{"id":"label20","type":"ide\\formats\\form\\elements\\LabelFormElement","version":0,"data":[]},"panel5":{"id":"panel5","type":"ide\\formats\\form\\elements\\PanelFormElement","version":0,"data":[]}}},"src/app/forms/note.php":{"_objects":{"rect":{"id":"rect","type":"ide\\formats\\form\\elements\\RectangleFormElement","version":0,"data":[]},"label":{"id":"label","type":"ide\\formats\\form\\elements\\LabelFormElement","version":0,"data":[]},"circle":{"id":"circle","type":"ide\\formats\\form\\elements\\CircleFormElement","version":0,"data":[]},"image":{"id":"image","type":"ide\\formats\\form\\elements\\ImageViewFormElement","version":0,"data":{"image":".data/img/window-close-symbolic.png"}},"closeButton":{"id":"closeButton","type":"ide\\formats\\form\\elements\\CircleFormElement","version":0,"data":[]},"rectAlt":{"id":"rectAlt","type":"ide\\formats\\form\\elements\\RectangleFormElement","version":0,"data":[]},"rect10":{"id":"rect10","type":"ide\\formats\\form\\elements\\RectangleFormElement","version":0,"data":[]},"rect3":{"id":"rect3","type":"ide\\formats\\form\\elements\\RectangleFormElement","version":0,"data":[]},"rect4":{"id":"rect4","type":"ide\\formats\\form\\elements\\RectangleFormElement","version":0,"data":[]},"rect5":{"id":"rect5","type":"ide\\formats\\form\\elements\\RectangleFormElement","version":0,"data":[]},"rect6":{"id":"rect6","type":"ide\\formats\\form\\elements\\RectangleFormElement","version":0,"data":[]},"imageAlt":{"id":"imageAlt","type":"ide\\formats\\form\\elements\\ImageViewFormElement","version":0,"data":{"image":".data/img/icons8-редактировать-16.png"}},"image3":{"id":"image3","type":"ide\\formats\\form\\elements\\ImageViewFormElement","version":0,"data":{"image":".data/img/icons8-прикрепить-16.png"}},"image4":{"id":"image4","type":"ide\\formats\\form\\elements\\ImageViewFormElement","version":0,"data":{"image":".data/img/icons8-цвет-заливки-16.png"}},"image5":{"id":"image5","type":"ide\\formats\\form\\elements\\ImageViewFormElement","version":0,"data":{"image":".data/img/icons8-информация-16 (2).png"}},"rect7":{"id":"rect7","type":"ide\\formats\\form\\elements\\RectangleFormElement","version":0,"data":[]},"image7":{"id":"image7","type":"ide\\formats\\form\\elements\\ImageViewFormElement","version":0,"data":{"image":".data/img/open-menu-symbolic.png"}},"image6":{"id":"image6","type":"ide\\formats\\form\\elements\\ImageViewFormElement","version":0,"data":{"image":".data/img/icons8-плюс-50 (1).png"}},"labelAlt":{"id":"labelAlt","type":"ide\\formats\\form\\elements\\LabelFormElement","version":0,"data":[]},"rect8":{"id":"rect8","type":"ide\\formats\\form\\elements\\RectangleFormElement","version":0,"data":[]},"label3":{"id":"label3","type":"ide\\formats\\form\\elements\\LabelFormElement","version":0,"data":[]}}},"src/app/forms/notespace.php":{"_objects":{"rect":{"id":"rect","type":"ide\\formats\\form\\elements\\RectangleFormElement","version":0,"data":[]},"label":{"id":"label","type":"ide\\formats\\form\\elements\\LabelFormElement","version":0,"data":[]},"labelAlt":{"id":"labelAlt","type":"ide\\formats\\form\\elements\\LabelFormElement","version":0,"data":[]},"imageAlt":{"id":"imageAlt","type":"ide\\formats\\form\\elements\\ImageViewFormElement","version":0,"data":{"image":".data/img/icons8-заметки-256.png"}},"rect5":{"id":"rect5","type":"ide\\formats\\form\\elements\\RectangleFormElement","version":0,"data":[]},"label17":{"id":"label17","type":"ide\\formats\\form\\elements\\LabelFormElement","version":0,"data":[]},"label18":{"id":"label18","type":"ide\\formats\\form\\elements\\LabelFormElement","version":0,"data":[]},"label19":{"id":"label19","type":"ide\\formats\\form\\elements\\LabelFormElement","version":0,"data":[]},"rect7":{"id":"rect7","type":"ide\\formats\\form\\elements\\RectangleFormElement","version":0,"data":[]},"loginEdit":{"id":"loginEdit","type":"ide\\formats\\form\\elements\\TextFieldFormElement","version":0,"data":[]},"rectAlt":{"id":"rectAlt","type":"ide\\formats\\form\\elements\\RectangleFormElement","version":0,"data":[]},"rect4":{"id":"rect4","type":"ide\\formats\\form\\elements\\RectangleFormElement","version":0,"data":[]},"label3":{"id":"label3","type":"ide\\formats\\form\\elements\\LabelFormElement","version":0,"data":[]},"rect6":{"id":"rect6","type":"ide\\formats\\form\\elements\\RectangleFormElement","version":0,"data":[]},"label4":{"id":"label4","type":"ide\\formats\\form\\elements\\LabelFormElement","version":0,"data":[]},"loadingForm":{"id":"loadingForm","type":"ide\\formats\\form\\elements\\PanelFormElement","version":0,"data":[]},"rect3":{"id":"rect3","type":"ide\\formats\\form\\elements\\RectangleFormElement","version":0,"data":[]},"circle":{"id":"circle","type":"ide\\formats\\form\\elements\\CircleFormElement","version":0,"data":[]},"image":{"id":"image","type":"ide\\formats\\form\\elements\\ImageViewFormElement","version":0,"data":{"image":".data/img/window-close-symbolic.png"}},"closeButton":{"id":"closeButton","type":"ide\\formats\\form\\elements\\CircleFormElement","version":0,"data":[]},"description":{"id":"description","type":"ide\\formats\\form\\elements\\LabelFormElement","version":0,"data":[]},"descriptionLabel":{"id":"descriptionLabel","type":"ide\\formats\\form\\elements\\PanelFormElement","version":0,"data":[]}}},"src/app/modules/appmodule.php":{"_objects":[]},"src/app/modules/mainmodule.php":{"_objects":[]},"src/app/forms/debugchangecolor.php":{"_objects":{"rect":{"id":"rect","type":"ide\\formats\\form\\elements\\RectangleFormElement","version":68,"data":[]},"edit":{"id":"edit","type":"ide\\formats\\form\\elements\\TextFieldFormElement","version":112,"data":[]},"rectAlt":{"id":"rectAlt","type":"ide\\formats\\form\\elements\\RectangleFormElement","version":37,"data":[]},"rect3":{"id":"rect3","type":"ide\\formats\\form\\elements\\RectangleFormElement","version":31,"data":[]},"label":{"id":"label","type":"ide\\formats\\form\\elements\\LabelFormElement","version":175,"data":[]}}}}