{"src/app/forms/mainform.php":{"_objects":{"rect":{"id":"rect","type":"ide\\formats\\form\\elements\\RectangleFormElement","version":0,"data":[]},"labelAlt":{"id":"labelAlt","type":"ide\\formats\\form\\elements\\LabelFormElement","version":0,"data":[]},"label3":{"id":"label3","type":"ide\\formats\\form\\elements\\LabelFormElement","version":0,"data":[]},"rectAlt":{"id":"rectAlt","type":"ide\\formats\\form\\elements\\RectangleFormElement","version":0,"data":[]},"label":{"id":"label","type":"ide\\formats\\form\\elements\\LabelFormElement","version":0,"data":[]},"label6":{"id":"label6","type":"ide\\formats\\form\\elements\\LabelFormElement","version":66,"data":[]},"rect8":{"id":"rect8","type":"ide\\formats\\form\\elements\\RectangleFormElement","version":20,"data":[]},"label7":{"id":"label7","type":"ide\\formats\\form\\elements\\LabelFormElement","version":97,"data":[]},"circle4":{"id":"circle4","type":"ide\\formats\\form\\elements\\CircleFormElement","version":21,"data":[]},"image6":{"id":"image6","type":"ide\\formats\\form\\elements\\ImageViewFormElement","version":27,"data":{"image":".data/img/window-close-symbolic.png"}},"panel":{"id":"panel","type":"ide\\formats\\form\\elements\\PanelFormElement","version":219,"data":[]}}},"src/app/forms/menu.php":{"_objects":{"rect":{"id":"rect","type":"ide\\formats\\form\\elements\\RectangleFormElement","version":48,"data":[]},"rectAlt":{"id":"rectAlt","type":"ide\\formats\\form\\elements\\RectangleFormElement","version":0,"data":[]},"label":{"id":"label","type":"ide\\formats\\form\\elements\\LabelFormElement","version":0,"data":[]},"rect3":{"id":"rect3","type":"ide\\formats\\form\\elements\\RectangleFormElement","version":0,"data":[]},"rect4":{"id":"rect4","type":"ide\\formats\\form\\elements\\RectangleFormElement","version":0,"data":[]},"image":{"id":"image","type":"ide\\formats\\form\\elements\\ImageViewFormElement","version":18,"data":{"image":".data/img/icons8-bash-32.png"}},"rect5":{"id":"rect5","type":"ide\\formats\\form\\elements\\RectangleFormElement","version":0,"data":[]},"imageAlt":{"id":"imageAlt","type":"ide\\formats\\form\\elements\\ImageViewFormElement","version":0,"data":{"image":".data/img/image.png"}},"rect7":{"id":"rect7","type":"ide\\formats\\form\\elements\\RectangleFormElement","version":0,"data":[]},"image4":{"id":"image4","type":"ide\\formats\\form\\elements\\ImageViewFormElement","version":0,"data":{"image":".data/img/image (2).png"}},"button":{"id":"button","type":"ide\\formats\\form\\elements\\FlatButtonFormElement","version":84,"data":[]},"rect6":{"id":"rect6","type":"ide\\formats\\form\\elements\\RectangleFormElement","version":110,"data":[]},"image3":{"id":"image3","type":"ide\\formats\\form\\elements\\ImageViewFormElement","version":77,"data":{"image":".data/img/icons8-окно-48.png"}},"labelAlt":{"id":"labelAlt","type":"ide\\formats\\form\\elements\\LabelFormElement","version":351,"data":[]},"buttonAlt":{"id":"buttonAlt","type":"ide\\formats\\form\\elements\\FlatButtonFormElement","version":244,"data":[]}}},"src/app/modules/appmodule.php":{"_objects":[]},"src/app/modules/mainmodule.php":{"_objects":[]},"src/app/forms/window.php":{"_objects":{"rect":{"id":"rect","type":"ide\\formats\\form\\elements\\RectangleFormElement","version":18,"data":[]},"label6":{"id":"label6","type":"ide\\formats\\form\\elements\\LabelFormElement","version":0,"data":[]},"rect8":{"id":"rect8","type":"ide\\formats\\form\\elements\\RectangleFormElement","version":0,"data":[]},"label7":{"id":"label7","type":"ide\\formats\\form\\elements\\LabelFormElement","version":0,"data":[]},"circle4":{"id":"circle4","type":"ide\\formats\\form\\elements\\CircleFormElement","version":0,"data":[]},"image6":{"id":"image6","type":"ide\\formats\\form\\elements\\ImageViewFormElement","version":4,"data":{"image":".data/img/window-close-symbolic.png"}},"panel":{"id":"panel","type":"ide\\formats\\form\\elements\\PanelFormElement","version":36,"data":[]}}},"src/app/forms/exitwindow.php":{"_objects":{"rect":{"id":"rect","type":"ide\\formats\\form\\elements\\RectangleFormElement","version":0,"data":[]},"label":{"id":"label","type":"ide\\formats\\form\\elements\\LabelFormElement","version":0,"data":[]},"labelAlt":{"id":"labelAlt","type":"ide\\formats\\form\\elements\\LabelFormElement","version":0,"data":[]}}}}