{"src/app/forms/loaderdark.php":{"_objects":{"rect":{"id":"rect","type":"ide\\formats\\form\\elements\\RectangleFormElement","version":0,"data":[]},"rectAlt":{"id":"rectAlt","type":"ide\\formats\\form\\elements\\RectangleFormElement","version":0,"data":[]},"image":{"id":"image","type":"ide\\formats\\form\\elements\\ImageViewFormElement","version":0,"data":{"image":".data/img/128.png"}},"imageAlt":{"id":"imageAlt","type":"ide\\formats\\form\\elements\\ImageViewFormElement","version":0,"data":{"image":".data/img/48.png"}},"label":{"id":"label","type":"ide\\formats\\form\\elements\\LabelFormElement","version":0,"data":[]},"labelAlt":{"id":"labelAlt","type":"ide\\formats\\form\\elements\\LabelFormElement","version":0,"data":[]},"label3":{"id":"label3","type":"ide\\formats\\form\\elements\\LabelFormElement","version":0,"data":[]},"label4":{"id":"label4","type":"ide\\formats\\form\\elements\\LabelFormElement","version":0,"data":[]},"label5":{"id":"label5","type":"ide\\formats\\form\\elements\\LabelFormElement","version":0,"data":[]},"label6":{"id":"label6","type":"ide\\formats\\form\\elements\\LabelFormElement","version":0,"data":[]}}},"src/app/forms/loaderwhite.php":{"_objects":{"rect":{"id":"rect","type":"ide\\formats\\form\\elements\\RectangleFormElement","version":0,"data":[]},"rectAlt":{"id":"rectAlt","type":"ide\\formats\\form\\elements\\RectangleFormElement","version":0,"data":[]},"image":{"id":"image","type":"ide\\formats\\form\\elements\\ImageViewFormElement","version":0,"data":{"image":".data/img/128.png"}},"imageAlt":{"id":"imageAlt","type":"ide\\formats\\form\\elements\\ImageViewFormElement","version":0,"data":{"image":".data/img/48.png"}},"label":{"id":"label","type":"ide\\formats\\form\\elements\\LabelFormElement","version":0,"data":[]},"labelAlt":{"id":"labelAlt","type":"ide\\formats\\form\\elements\\LabelFormElement","version":0,"data":[]},"label3":{"id":"label3","type":"ide\\formats\\form\\elements\\LabelFormElement","version":0,"data":[]},"label4":{"id":"label4","type":"ide\\formats\\form\\elements\\LabelFormElement","version":0,"data":[]},"label5":{"id":"label5","type":"ide\\formats\\form\\elements\\LabelFormElement","version":0,"data":[]},"label6":{"id":"label6","type":"ide\\formats\\form\\elements\\LabelFormElement","version":0,"data":[]}}},"src/app/forms/main.php":{"_objects":{"rect":{"id":"rect","type":"ide\\formats\\form\\elements\\RectangleFormElement","version":0,"data":[]},"rectAlt":{"id":"rectAlt","type":"ide\\formats\\form\\elements\\RectangleFormElement","version":0,"data":[]},"label":{"id":"label","type":"ide\\formats\\form\\elements\\LabelFormElement","version":0,"data":[]},"rect4":{"id":"rect4","type":"ide\\formats\\form\\elements\\RectangleFormElement","version":0,"data":[]},"labelAlt":{"id":"labelAlt","type":"ide\\formats\\form\\elements\\LabelFormElement","version":0,"data":[]},"circle":{"id":"circle","type":"ide\\formats\\form\\elements\\CircleFormElement","version":0,"data":[]},"image":{"id":"image","type":"ide\\formats\\form\\elements\\ImageViewFormElement","version":0,"data":{"image":".data/img/window-close-symbolic.png"}},"circleAlt":{"id":"circleAlt","type":"ide\\formats\\form\\elements\\CircleFormElement","version":0,"data":[]},"circle3":{"id":"circle3","type":"ide\\formats\\form\\elements\\CircleFormElement","version":0,"data":[]},"imageAlt":{"id":"imageAlt","type":"ide\\formats\\form\\elements\\ImageViewFormElement","version":0,"data":{"image":".data/img/window-maximize-symbolic.png"}},"image3":{"id":"image3","type":"ide\\formats\\form\\elements\\ImageViewFormElement","version":0,"data":{"image":".data/img/window-minimize-symbolic.png"}},"label3":{"id":"label3","type":"ide\\formats\\form\\elements\\LabelFormElement","version":0,"data":[]},"minButton":{"id":"minButton","type":"ide\\formats\\form\\elements\\CircleFormElement","version":0,"data":[]},"closeButton":{"id":"closeButton","type":"ide\\formats\\form\\elements\\CircleFormElement","version":0,"data":[]},"rect9":{"id":"rect9","type":"ide\\formats\\form\\elements\\RectangleFormElement","version":0,"data":[]},"image4":{"id":"image4","type":"ide\\formats\\form\\elements\\ImageViewFormElement","version":0,"data":{"image":".data/img/pan-start-symbolic.png"}},"rect10":{"id":"rect10","type":"ide\\formats\\form\\elements\\RectangleFormElement","version":0,"data":[]},"image5":{"id":"image5","type":"ide\\formats\\form\\elements\\ImageViewFormElement","version":0,"data":{"image":".data/img/open-menu-symbolic.png"}},"label4":{"id":"label4","type":"ide\\formats\\form\\elements\\LabelFormElement","version":0,"data":[]},"label5":{"id":"label5","type":"ide\\formats\\form\\elements\\LabelFormElement","version":0,"data":[]},"rect3":{"id":"rect3","type":"ide\\formats\\form\\elements\\RectangleFormElement","version":0,"data":[]},"rect5":{"id":"rect5","type":"ide\\formats\\form\\elements\\RectangleFormElement","version":0,"data":[]},"label9":{"id":"label9","type":"ide\\formats\\form\\elements\\LabelFormElement","version":0,"data":[]},"rect8":{"id":"rect8","type":"ide\\formats\\form\\elements\\RectangleFormElement","version":0,"data":[]},"rect7":{"id":"rect7","type":"ide\\formats\\form\\elements\\RectangleFormElement","version":0,"data":[]},"rect6":{"id":"rect6","type":"ide\\formats\\form\\elements\\RectangleFormElement","version":0,"data":[]},"image6":{"id":"image6","type":"ide\\formats\\form\\elements\\ImageViewFormElement","version":0,"data":{"image":".data/img/128.png"}},"label6":{"id":"label6","type":"ide\\formats\\form\\elements\\LabelFormElement","version":0,"data":[]},"label7":{"id":"label7","type":"ide\\formats\\form\\elements\\LabelFormElement","version":0,"data":[]},"rect11":{"id":"rect11","type":"ide\\formats\\form\\elements\\RectangleFormElement","version":0,"data":[]},"rect12":{"id":"rect12","type":"ide\\formats\\form\\elements\\RectangleFormElement","version":0,"data":[]},"label8":{"id":"label8","type":"ide\\formats\\form\\elements\\LabelFormElement","version":0,"data":[]},"rect13":{"id":"rect13","type":"ide\\formats\\form\\elements\\RectangleFormElement","version":0,"data":[]},"rect14":{"id":"rect14","type":"ide\\formats\\form\\elements\\RectangleFormElement","version":0,"data":[]},"image7":{"id":"image7","type":"ide\\formats\\form\\elements\\ImageViewFormElement","version":0,"data":{"image":".data/img/open-menu-symbolic.png"}},"panel":{"id":"panel","type":"ide\\formats\\form\\elements\\PanelFormElement","version":0,"data":[]}}},"src/app/modules/appmodule.php":{"_objects":[]},"src/app/modules/mainmodule.php":{"_objects":[]}}